<?xml version="1.0" encoding="UTF-8"?>
<DocSetNodes version="1.0">
    <TOC>
        <Node type="folder">
            <Name>Bit6-SDK-for-iOS</Name>
            <Path>index.html</Path>
			<Subnodes>
                
				
				<Node type="folder">
					<Name>Classes</Name>
					<Path>index.html</Path>
					<Subnodes>
						<NodeRef refid="1"/>
						<NodeRef refid="2"/>
						<NodeRef refid="3"/>
						<NodeRef refid="4"/>
						<NodeRef refid="5"/>
						<NodeRef refid="6"/>
						<NodeRef refid="7"/>
						<NodeRef refid="8"/>
						<NodeRef refid="9"/>
						<NodeRef refid="10"/>
						<NodeRef refid="11"/>
						<NodeRef refid="12"/>
						<NodeRef refid="13"/>
						<NodeRef refid="14"/>
						
					</Subnodes>
				</Node>
				
				
                
				<Node>
					<Name>Protocols</Name>
					<Path>index.html</Path>
					<Subnodes>
						<NodeRef refid="15"/>
						<NodeRef refid="16"/>
						<NodeRef refid="17"/>
						<NodeRef refid="18"/>
						
					</Subnodes>
				</Node>
				
                
				<Node>
					<Name>Constants</Name>
					<Path>index.html</Path>
					<Subnodes>
						<NodeRef refid="19"/>
						<NodeRef refid="20"/>
						<NodeRef refid="21"/>
						<NodeRef refid="22"/>
						<NodeRef refid="23"/>
						<NodeRef refid="24"/>
						<NodeRef refid="25"/>
						<NodeRef refid="26"/>
						<NodeRef refid="27"/>
						
					</Subnodes>
				</Node>
				
			</Subnodes>
        </Node>
    </TOC>
	<Library>
		
		<Node id="1" type="file" documentType="reference">
            <Name>Bit6</Name>
            <Path>Classes/Bit6.html</Path>
            
                <Subnodes>
                <Node type="section">
                    <Path>Classes/Bit6.html</Path>
                    <Name>Overview</Name>
                    <Anchor>overview</Anchor>
                </Node>
                <Node type="section">
                    <Path>Classes/Bit6.html</Path>
                    <Name>Tasks</Name>
                    <Anchor>tasks</Anchor>
                </Node>
                
                
                <Node type="section">
                    <Path>Classes/Bit6.html</Path>
                    <Name>Class Methods</Name>
                    <Anchor>class_methods</Anchor>
                </Node>
                
                
            </Subnodes>
            
        </Node>
		<Node id="2" type="file" documentType="reference">
            <Name>Bit6Address</Name>
            <Path>Classes/Bit6Address.html</Path>
            
                <Subnodes>
                <Node type="section">
                    <Path>Classes/Bit6Address.html</Path>
                    <Name>Overview</Name>
                    <Anchor>overview</Anchor>
                </Node>
                <Node type="section">
                    <Path>Classes/Bit6Address.html</Path>
                    <Name>Tasks</Name>
                    <Anchor>tasks</Anchor>
                </Node>
                
                <Node type="section">
                    <Path>Classes/Bit6Address.html</Path>
                    <Name>Properties</Name>
                    <Anchor>properties</Anchor>
                </Node>
                
                
                
                <Node type="section">
                    <Path>Classes/Bit6Address.html</Path>
                    <Name>Instance Methods</Name>
                    <Anchor>instance_methods</Anchor>
                </Node>
                
            </Subnodes>
            
        </Node>
		<Node id="3" type="file" documentType="reference">
            <Name>Bit6ApplicationManager</Name>
            <Path>Classes/Bit6ApplicationManager.html</Path>
            
                <Subnodes>
                <Node type="section">
                    <Path>Classes/Bit6ApplicationManager.html</Path>
                    <Name>Overview</Name>
                    <Anchor>overview</Anchor>
                </Node>
                <Node type="section">
                    <Path>Classes/Bit6ApplicationManager.html</Path>
                    <Name>Tasks</Name>
                    <Anchor>tasks</Anchor>
                </Node>
                
                
                
                <Node type="section">
                    <Path>Classes/Bit6ApplicationManager.html</Path>
                    <Name>Instance Methods</Name>
                    <Anchor>instance_methods</Anchor>
                </Node>
                
            </Subnodes>
            
        </Node>
		<Node id="4" type="file" documentType="reference">
            <Name>Bit6AudioPlayerController</Name>
            <Path>Classes/Bit6AudioPlayerController.html</Path>
            
                <Subnodes>
                <Node type="section">
                    <Path>Classes/Bit6AudioPlayerController.html</Path>
                    <Name>Overview</Name>
                    <Anchor>overview</Anchor>
                </Node>
                <Node type="section">
                    <Path>Classes/Bit6AudioPlayerController.html</Path>
                    <Name>Tasks</Name>
                    <Anchor>tasks</Anchor>
                </Node>
                
                
                <Node type="section">
                    <Path>Classes/Bit6AudioPlayerController.html</Path>
                    <Name>Class Methods</Name>
                    <Anchor>class_methods</Anchor>
                </Node>
                
                
                <Node type="section">
                    <Path>Classes/Bit6AudioPlayerController.html</Path>
                    <Name>Instance Methods</Name>
                    <Anchor>instance_methods</Anchor>
                </Node>
                
            </Subnodes>
            
        </Node>
		<Node id="5" type="file" documentType="reference">
            <Name>Bit6AudioRecorderController</Name>
            <Path>Classes/Bit6AudioRecorderController.html</Path>
            
                <Subnodes>
                <Node type="section">
                    <Path>Classes/Bit6AudioRecorderController.html</Path>
                    <Name>Overview</Name>
                    <Anchor>overview</Anchor>
                </Node>
                <Node type="section">
                    <Path>Classes/Bit6AudioRecorderController.html</Path>
                    <Name>Tasks</Name>
                    <Anchor>tasks</Anchor>
                </Node>
                
                
                <Node type="section">
                    <Path>Classes/Bit6AudioRecorderController.html</Path>
                    <Name>Class Methods</Name>
                    <Anchor>class_methods</Anchor>
                </Node>
                
                
                <Node type="section">
                    <Path>Classes/Bit6AudioRecorderController.html</Path>
                    <Name>Instance Methods</Name>
                    <Anchor>instance_methods</Anchor>
                </Node>
                
            </Subnodes>
            
        </Node>
		<Node id="6" type="file" documentType="reference">
            <Name>Bit6Conversation</Name>
            <Path>Classes/Bit6Conversation.html</Path>
            
                <Subnodes>
                <Node type="section">
                    <Path>Classes/Bit6Conversation.html</Path>
                    <Name>Overview</Name>
                    <Anchor>overview</Anchor>
                </Node>
                <Node type="section">
                    <Path>Classes/Bit6Conversation.html</Path>
                    <Name>Tasks</Name>
                    <Anchor>tasks</Anchor>
                </Node>
                
                <Node type="section">
                    <Path>Classes/Bit6Conversation.html</Path>
                    <Name>Properties</Name>
                    <Anchor>properties</Anchor>
                </Node>
                
                
                <Node type="section">
                    <Path>Classes/Bit6Conversation.html</Path>
                    <Name>Class Methods</Name>
                    <Anchor>class_methods</Anchor>
                </Node>
                
                
            </Subnodes>
            
        </Node>
		<Node id="7" type="file" documentType="reference">
            <Name>Bit6CurrentLocationController</Name>
            <Path>Classes/Bit6CurrentLocationController.html</Path>
            
                <Subnodes>
                <Node type="section">
                    <Path>Classes/Bit6CurrentLocationController.html</Path>
                    <Name>Overview</Name>
                    <Anchor>overview</Anchor>
                </Node>
                <Node type="section">
                    <Path>Classes/Bit6CurrentLocationController.html</Path>
                    <Name>Tasks</Name>
                    <Anchor>tasks</Anchor>
                </Node>
                
                
                <Node type="section">
                    <Path>Classes/Bit6CurrentLocationController.html</Path>
                    <Name>Class Methods</Name>
                    <Anchor>class_methods</Anchor>
                </Node>
                
                
                <Node type="section">
                    <Path>Classes/Bit6CurrentLocationController.html</Path>
                    <Name>Instance Methods</Name>
                    <Anchor>instance_methods</Anchor>
                </Node>
                
            </Subnodes>
            
        </Node>
		<Node id="8" type="file" documentType="reference">
            <Name>Bit6ImageView</Name>
            <Path>Classes/Bit6ImageView.html</Path>
            
                <Subnodes>
                <Node type="section">
                    <Path>Classes/Bit6ImageView.html</Path>
                    <Name>Overview</Name>
                    <Anchor>overview</Anchor>
                </Node>
                <Node type="section">
                    <Path>Classes/Bit6ImageView.html</Path>
                    <Name>Tasks</Name>
                    <Anchor>tasks</Anchor>
                </Node>
                
                <Node type="section">
                    <Path>Classes/Bit6ImageView.html</Path>
                    <Name>Properties</Name>
                    <Anchor>properties</Anchor>
                </Node>
                
                
                
            </Subnodes>
            
        </Node>
		<Node id="9" type="file" documentType="reference">
            <Name>Bit6InCallController</Name>
            <Path>Classes/Bit6InCallController.html</Path>
            
                <Subnodes>
                <Node type="section">
                    <Path>Classes/Bit6InCallController.html</Path>
                    <Name>Overview</Name>
                    <Anchor>overview</Anchor>
                </Node>
                <Node type="section">
                    <Path>Classes/Bit6InCallController.html</Path>
                    <Name>Tasks</Name>
                    <Anchor>tasks</Anchor>
                </Node>
                
                <Node type="section">
                    <Path>Classes/Bit6InCallController.html</Path>
                    <Name>Properties</Name>
                    <Anchor>properties</Anchor>
                </Node>
                
                
                <Node type="section">
                    <Path>Classes/Bit6InCallController.html</Path>
                    <Name>Class Methods</Name>
                    <Anchor>class_methods</Anchor>
                </Node>
                
                
                <Node type="section">
                    <Path>Classes/Bit6InCallController.html</Path>
                    <Name>Instance Methods</Name>
                    <Anchor>instance_methods</Anchor>
                </Node>
                
            </Subnodes>
            
        </Node>
		<Node id="10" type="file" documentType="reference">
            <Name>Bit6Message</Name>
            <Path>Classes/Bit6Message.html</Path>
            
                <Subnodes>
                <Node type="section">
                    <Path>Classes/Bit6Message.html</Path>
                    <Name>Overview</Name>
                    <Anchor>overview</Anchor>
                </Node>
                <Node type="section">
                    <Path>Classes/Bit6Message.html</Path>
                    <Name>Tasks</Name>
                    <Anchor>tasks</Anchor>
                </Node>
                
                <Node type="section">
                    <Path>Classes/Bit6Message.html</Path>
                    <Name>Properties</Name>
                    <Anchor>properties</Anchor>
                </Node>
                
                
                
                <Node type="section">
                    <Path>Classes/Bit6Message.html</Path>
                    <Name>Instance Methods</Name>
                    <Anchor>instance_methods</Anchor>
                </Node>
                
            </Subnodes>
            
        </Node>
		<Node id="11" type="file" documentType="reference">
            <Name>Bit6MessageData</Name>
            <Path>Classes/Bit6MessageData.html</Path>
            
                <Subnodes>
                <Node type="section">
                    <Path>Classes/Bit6MessageData.html</Path>
                    <Name>Overview</Name>
                    <Anchor>overview</Anchor>
                </Node>
                <Node type="section">
                    <Path>Classes/Bit6MessageData.html</Path>
                    <Name>Tasks</Name>
                    <Anchor>tasks</Anchor>
                </Node>
                
                <Node type="section">
                    <Path>Classes/Bit6MessageData.html</Path>
                    <Name>Properties</Name>
                    <Anchor>properties</Anchor>
                </Node>
                
                
                
            </Subnodes>
            
        </Node>
		<Node id="12" type="file" documentType="reference">
            <Name>Bit6OutgoingMessage</Name>
            <Path>Classes/Bit6OutgoingMessage.html</Path>
            
                <Subnodes>
                <Node type="section">
                    <Path>Classes/Bit6OutgoingMessage.html</Path>
                    <Name>Overview</Name>
                    <Anchor>overview</Anchor>
                </Node>
                <Node type="section">
                    <Path>Classes/Bit6OutgoingMessage.html</Path>
                    <Name>Tasks</Name>
                    <Anchor>tasks</Anchor>
                </Node>
                
                <Node type="section">
                    <Path>Classes/Bit6OutgoingMessage.html</Path>
                    <Name>Properties</Name>
                    <Anchor>properties</Anchor>
                </Node>
                
                
                
                <Node type="section">
                    <Path>Classes/Bit6OutgoingMessage.html</Path>
                    <Name>Instance Methods</Name>
                    <Anchor>instance_methods</Anchor>
                </Node>
                
            </Subnodes>
            
        </Node>
		<Node id="13" type="file" documentType="reference">
            <Name>Bit6Session</Name>
            <Path>Classes/Bit6Session.html</Path>
            
                <Subnodes>
                <Node type="section">
                    <Path>Classes/Bit6Session.html</Path>
                    <Name>Overview</Name>
                    <Anchor>overview</Anchor>
                </Node>
                <Node type="section">
                    <Path>Classes/Bit6Session.html</Path>
                    <Name>Tasks</Name>
                    <Anchor>tasks</Anchor>
                </Node>
                
                
                <Node type="section">
                    <Path>Classes/Bit6Session.html</Path>
                    <Name>Class Methods</Name>
                    <Anchor>class_methods</Anchor>
                </Node>
                
                
            </Subnodes>
            
        </Node>
		<Node id="14" type="file" documentType="reference">
            <Name>Bit6ThumbnailImageView</Name>
            <Path>Classes/Bit6ThumbnailImageView.html</Path>
            
                <Subnodes>
                <Node type="section">
                    <Path>Classes/Bit6ThumbnailImageView.html</Path>
                    <Name>Overview</Name>
                    <Anchor>overview</Anchor>
                </Node>
                <Node type="section">
                    <Path>Classes/Bit6ThumbnailImageView.html</Path>
                    <Name>Tasks</Name>
                    <Anchor>tasks</Anchor>
                </Node>
                
                <Node type="section">
                    <Path>Classes/Bit6ThumbnailImageView.html</Path>
                    <Name>Properties</Name>
                    <Anchor>properties</Anchor>
                </Node>
                
                
                
            </Subnodes>
            
        </Node>
		
		
        <Node id="15" type="file" documentType="reference">
            <Name>Bit6AudioRecorderControllerDelegate</Name>
            <Path>Protocols/Bit6AudioRecorderControllerDelegate.html</Path>
            
                <Subnodes>
                <Node type="section">
                    <Path>Protocols/Bit6AudioRecorderControllerDelegate.html</Path>
                    <Name>Overview</Name>
                    <Anchor>overview</Anchor>
                </Node>
                <Node type="section">
                    <Path>Protocols/Bit6AudioRecorderControllerDelegate.html</Path>
                    <Name>Tasks</Name>
                    <Anchor>tasks</Anchor>
                </Node>
                
                
                
                <Node type="section">
                    <Path>Protocols/Bit6AudioRecorderControllerDelegate.html</Path>
                    <Name>Instance Methods</Name>
                    <Anchor>instance_methods</Anchor>
                </Node>
                
            </Subnodes>
            
        </Node>
		<Node id="16" type="file" documentType="reference">
            <Name>Bit6CurrentLocationControllerDelegate</Name>
            <Path>Protocols/Bit6CurrentLocationControllerDelegate.html</Path>
            
                <Subnodes>
                <Node type="section">
                    <Path>Protocols/Bit6CurrentLocationControllerDelegate.html</Path>
                    <Name>Overview</Name>
                    <Anchor>overview</Anchor>
                </Node>
                <Node type="section">
                    <Path>Protocols/Bit6CurrentLocationControllerDelegate.html</Path>
                    <Name>Tasks</Name>
                    <Anchor>tasks</Anchor>
                </Node>
                
                
                
                <Node type="section">
                    <Path>Protocols/Bit6CurrentLocationControllerDelegate.html</Path>
                    <Name>Instance Methods</Name>
                    <Anchor>instance_methods</Anchor>
                </Node>
                
            </Subnodes>
            
        </Node>
		<Node id="17" type="file" documentType="reference">
            <Name>Bit6InCallControllerDelegate</Name>
            <Path>Protocols/Bit6InCallControllerDelegate.html</Path>
            
                <Subnodes>
                <Node type="section">
                    <Path>Protocols/Bit6InCallControllerDelegate.html</Path>
                    <Name>Overview</Name>
                    <Anchor>overview</Anchor>
                </Node>
                <Node type="section">
                    <Path>Protocols/Bit6InCallControllerDelegate.html</Path>
                    <Name>Tasks</Name>
                    <Anchor>tasks</Anchor>
                </Node>
                
                
                
                <Node type="section">
                    <Path>Protocols/Bit6InCallControllerDelegate.html</Path>
                    <Name>Instance Methods</Name>
                    <Anchor>instance_methods</Anchor>
                </Node>
                
            </Subnodes>
            
        </Node>
		<Node id="18" type="file" documentType="reference">
            <Name>Bit6ThumbnailImageViewDelegate</Name>
            <Path>Protocols/Bit6ThumbnailImageViewDelegate.html</Path>
            
                <Subnodes>
                <Node type="section">
                    <Path>Protocols/Bit6ThumbnailImageViewDelegate.html</Path>
                    <Name>Overview</Name>
                    <Anchor>overview</Anchor>
                </Node>
                <Node type="section">
                    <Path>Protocols/Bit6ThumbnailImageViewDelegate.html</Path>
                    <Name>Tasks</Name>
                    <Anchor>tasks</Anchor>
                </Node>
                
                
                
                <Node type="section">
                    <Path>Protocols/Bit6ThumbnailImageViewDelegate.html</Path>
                    <Name>Instance Methods</Name>
                    <Anchor>instance_methods</Anchor>
                </Node>
                
            </Subnodes>
            
        </Node>
		
        <Node id="19" type="file" documentType="reference">
            <Name>Bit6AddressKind</Name>
            <Path>Constants/Bit6AddressKind.html</Path>
            
        </Node>
		<Node id="20" type="file" documentType="reference">
            <Name>Bit6Error</Name>
            <Path>Constants/Bit6Error.html</Path>
            
        </Node>
		<Node id="21" type="file" documentType="reference">
            <Name>Bit6MessageAttachmentCategory</Name>
            <Path>Constants/Bit6MessageAttachmentCategory.html</Path>
            
        </Node>
		<Node id="22" type="file" documentType="reference">
            <Name>Bit6MessageAttachmentStatus</Name>
            <Path>Constants/Bit6MessageAttachmentStatus.html</Path>
            
        </Node>
		<Node id="23" type="file" documentType="reference">
            <Name>Bit6MessageChannel</Name>
            <Path>Constants/Bit6MessageChannel.html</Path>
            
        </Node>
		<Node id="24" type="file" documentType="reference">
            <Name>Bit6MessageFileType</Name>
            <Path>Constants/Bit6MessageFileType.html</Path>
            
        </Node>
		<Node id="25" type="file" documentType="reference">
            <Name>Bit6MessageStatus</Name>
            <Path>Constants/Bit6MessageStatus.html</Path>
            
        </Node>
		<Node id="26" type="file" documentType="reference">
            <Name>Bit6MessageType</Name>
            <Path>Constants/Bit6MessageType.html</Path>
            
        </Node>
		<Node id="27" type="file" documentType="reference">
            <Name>Bit6PushNotificationMode</Name>
            <Path>Constants/Bit6PushNotificationMode.html</Path>
            
        </Node>
		
	</Library>
</DocSetNodes>