<?xml version="1.0" encoding="UTF-8"?>
<Tokens version="1.0">
	<File path="Classes/Bit6.html">
		
		<Token>
			<TokenIdentifier>//apple_ref/occ/cl/Bit6</TokenIdentifier>
			<Abstract type="html">Bit6 handles the basic interaction between the Bit6 framework and the ApplicationDelegate object</Abstract>
			<DeclaredIn>Bit6.h</DeclaredIn>
            
			
			<NodeRef refid="1"/>
		</Token>
		
		
		<Token>
			<TokenIdentifier>//apple_ref/occ/clm/Bit6/init:pushNotificationMode:launchingWithOptions:</TokenIdentifier>
			<Abstract type="html">Bit6 startup method. It should be the first call to Bit6 api made.</Abstract>
			<DeclaredIn>Bit6.h</DeclaredIn>
			
			<Declaration>+ (void)init:(NSString *)apiKey pushNotificationMode:(Bit6PushNotificationMode)pushNotificationMode launchingWithOptions:(NSDictionary *)launchOptions</Declaration>
			<Parameters>
				<Parameter>
					<Name>apiKey</Name>
					<Abstract type="html">unique key for the current developer.</Abstract>
				</Parameter><Parameter>
					<Name>pushNotificationMode</Name>
					<Abstract type="html">One of the values in Bit6PushNotificationMode enumeration.</Abstract>
				</Parameter><Parameter>
					<Name>launchOptions</Name>
					<Abstract type="html">used to send the launchOptions from [UIApplicationDelegate application:didFinishLaunchingWithOptions:] to Bit6</Abstract>
				</Parameter>
			</Parameters>
			
			<Anchor>//api/name/init:pushNotificationMode:launchingWithOptions:</Anchor>
            <NodeRef refid="1"/>
		</Token>
		
		<Token>
			<TokenIdentifier>//apple_ref/occ/clm/Bit6/startWithApiKey:pushNotificationMode:launchingWithOptions:</TokenIdentifier>
			<Abstract type="html">Bit6 startup method. It should be the first call to Bit6 api made.</Abstract>
			<DeclaredIn>Bit6.h</DeclaredIn>
			
			<Declaration>+ (void)startWithApiKey:(NSString *)apiKey pushNotificationMode:(Bit6PushNotificationMode)pushNotificationMode launchingWithOptions:(NSDictionary *)launchOptions</Declaration>
			<Parameters>
				<Parameter>
					<Name>apiKey</Name>
					<Abstract type="html">unique key for the current developer.</Abstract>
				</Parameter><Parameter>
					<Name>pushNotificationMode</Name>
					<Abstract type="html">One of the values in Bit6PushNotificationMode enumeration.</Abstract>
				</Parameter><Parameter>
					<Name>launchOptions</Name>
					<Abstract type="html">used to send the launchOptions from [UIApplicationDelegate application:didFinishLaunchingWithOptions:] to Bit6</Abstract>
				</Parameter>
			</Parameters>
			
			<Anchor>//api/name/startWithApiKey:pushNotificationMode:launchingWithOptions:</Anchor>
            <NodeRef refid="1"/>
		</Token>
		
		<Token>
			<TokenIdentifier>//apple_ref/occ/clm/Bit6/conversations</TokenIdentifier>
			<Abstract type="html">Get all the existing conversations.</Abstract>
			<DeclaredIn>Bit6.h</DeclaredIn>
			
			<Declaration>+ (NSArray *)conversations</Declaration>
			
			<ReturnValue><Abstract type="html">the existing Bit6Conversation objects as a NSArray.</Abstract></ReturnValue>
			<Anchor>//api/name/conversations</Anchor>
            <NodeRef refid="1"/>
		</Token>
		
		<Token>
			<TokenIdentifier>//apple_ref/occ/clm/Bit6/addConversation:</TokenIdentifier>
			<Abstract type="html">Adds a conversation to the system.</Abstract>
			<DeclaredIn>Bit6.h</DeclaredIn>
			
			<Declaration>+ (void)addConversation:(Bit6Conversation *)conversation</Declaration>
			<Parameters>
				<Parameter>
					<Name>conversation</Name>
					<Abstract type="html">a Bit6Conversation object to be added.</Abstract>
				</Parameter>
			</Parameters>
			
			<Anchor>//api/name/addConversation:</Anchor>
            <NodeRef refid="1"/>
		</Token>
		
		<Token>
			<TokenIdentifier>//apple_ref/occ/clm/Bit6/deleteConversation:</TokenIdentifier>
			<Abstract type="html">Delete a conversation from the system. All the messages inside the conversation are deleted too.</Abstract>
			<DeclaredIn>Bit6.h</DeclaredIn>
			
			<Declaration>+ (void)deleteConversation:(Bit6Conversation *)conversation</Declaration>
			<Parameters>
				<Parameter>
					<Name>conversation</Name>
					<Abstract type="html">Bit6Conversation object to be deleted</Abstract>
				</Parameter>
			</Parameters>
			
			<Anchor>//api/name/deleteConversation:</Anchor>
            <NodeRef refid="1"/>
		</Token>
		
		<Token>
			<TokenIdentifier>//apple_ref/occ/clm/Bit6/deleteMessage:</TokenIdentifier>
			<Abstract type="html">Deletes a message from the system.</Abstract>
			<DeclaredIn>Bit6.h</DeclaredIn>
			
			<Declaration>+ (void)deleteMessage:(Bit6Message *)message</Declaration>
			<Parameters>
				<Parameter>
					<Name>message</Name>
					<Abstract type="html">Bit6Message object to be deleted</Abstract>
				</Parameter>
			</Parameters>
			
			<Anchor>//api/name/deleteMessage:</Anchor>
            <NodeRef refid="1"/>
		</Token>
		
		<Token>
			<TokenIdentifier>//apple_ref/occ/clm/Bit6/totalBadge</TokenIdentifier>
			<Abstract type="html">Gets the number of unread messages for all existing conversations.</Abstract>
			<DeclaredIn>Bit6.h</DeclaredIn>
			
			<Declaration>+ (NSNumber *)totalBadge</Declaration>
			
			<ReturnValue><Abstract type="html">The number of unread messages for all existing conversations.</Abstract></ReturnValue>
			<Anchor>//api/name/totalBadge</Anchor>
            <NodeRef refid="1"/>
		</Token>
		
		<Token>
			<TokenIdentifier>//apple_ref/occ/clm/Bit6/messagesWithOffset:length:asc:</TokenIdentifier>
			<Abstract type="html">Get the Bit6Message objects in the system as a NSArray.</Abstract>
			<DeclaredIn>Bit6.h</DeclaredIn>
			
	<RelatedTokens>
		<TokenIdentifier>//apple_ref/occ/clm/Bit6/messagesInConversation:offset:length:asc:</TokenIdentifier>
		
	</RelatedTokens>
	
			<Declaration>+ (NSArray *)messagesWithOffset:(NSInteger)offset length:(NSInteger)length asc:(BOOL)asc</Declaration>
			<Parameters>
				<Parameter>
					<Name>offset</Name>
					<Abstract type="html">initial index to look for messages</Abstract>
				</Parameter><Parameter>
					<Name>length</Name>
					<Abstract type="html">number of messages to get</Abstract>
				</Parameter><Parameter>
					<Name>asc</Name>
					<Abstract type="html">order in which the messages will be returned</Abstract>
				</Parameter>
			</Parameters>
			<ReturnValue><Abstract type="html">Bit6Message objects as a NSArray.</Abstract></ReturnValue>
			<Anchor>//api/name/messagesWithOffset:length:asc:</Anchor>
            <NodeRef refid="1"/>
		</Token>
		
		<Token>
			<TokenIdentifier>//apple_ref/occ/clm/Bit6/messagesInConversation:offset:length:asc:</TokenIdentifier>
			<Abstract type="html">Get the Bit6Message objects in the conversation as a NSArray.</Abstract>
			<DeclaredIn>Bit6.h</DeclaredIn>
			
			<Declaration>+ (NSArray *)messagesInConversation:(Bit6Conversation *)conversation offset:(NSInteger)offset length:(NSInteger)length asc:(BOOL)asc</Declaration>
			<Parameters>
				<Parameter>
					<Name>conversation</Name>
					<Abstract type="html">the Bit6Conversation object to get the messages from</Abstract>
				</Parameter><Parameter>
					<Name>offset</Name>
					<Abstract type="html">initial index to look for messages</Abstract>
				</Parameter><Parameter>
					<Name>length</Name>
					<Abstract type="html">number of messages to get</Abstract>
				</Parameter><Parameter>
					<Name>asc</Name>
					<Abstract type="html">order in which the messages will be returned</Abstract>
				</Parameter>
			</Parameters>
			<ReturnValue><Abstract type="html">Bit6Message objects as a NSArray.</Abstract></ReturnValue>
			<Anchor>//api/name/messagesInConversation:offset:length:asc:</Anchor>
            <NodeRef refid="1"/>
		</Token>
		
		<Token>
			<TokenIdentifier>//apple_ref/occ/clm/Bit6/messagesWithAttachmentInMessages:</TokenIdentifier>
			<Abstract type="html">Get the Bit6Message objects with attachment as a NSArray.</Abstract>
			<DeclaredIn>Bit6.h</DeclaredIn>
			
			<Declaration>+ (NSArray *)messagesWithAttachmentInMessages:(NSArray *)messages</Declaration>
			<Parameters>
				<Parameter>
					<Name>messages</Name>
					<Abstract type="html">array of Bit6Message objects where to do the search</Abstract>
				</Parameter>
			</Parameters>
			<ReturnValue><Abstract type="html">Bit6Message objects with attachment as a NSArray.</Abstract></ReturnValue>
			<Anchor>//api/name/messagesWithAttachmentInMessages:</Anchor>
            <NodeRef refid="1"/>
		</Token>
		
		<Token>
			<TokenIdentifier>//apple_ref/occ/clm/Bit6/messagesWithAttachmentInConversation:asc:</TokenIdentifier>
			<Abstract type="html">Get the Bit6Message objects with attachment as a NSArray.</Abstract>
			<DeclaredIn>Bit6.h</DeclaredIn>
			
			<Declaration>+ (NSArray *)messagesWithAttachmentInConversation:(Bit6Conversation *)conversation asc:(BOOL)asc</Declaration>
			<Parameters>
				<Parameter>
					<Name>conversation</Name>
					<Abstract type="html">conversation where to do the search</Abstract>
				</Parameter><Parameter>
					<Name>asc</Name>
					<Abstract type="html">order in which the messages will be returned</Abstract>
				</Parameter>
			</Parameters>
			<ReturnValue><Abstract type="html">Bit6Message objects with attachment as a NSArray.</Abstract></ReturnValue>
			<Anchor>//api/name/messagesWithAttachmentInConversation:asc:</Anchor>
            <NodeRef refid="1"/>
		</Token>
		
		<Token>
			<TokenIdentifier>//apple_ref/occ/clm/Bit6/startCallToAddress:hasVideo:</TokenIdentifier>
			<Abstract type="html">Used to start a VoIP call</Abstract>
			<DeclaredIn>Bit6.h</DeclaredIn>
			
			<Declaration>+ (void)startCallToAddress:(Bit6Address *)address hasVideo:(BOOL)hasVideo</Declaration>
			<Parameters>
				<Parameter>
					<Name>address</Name>
					<Abstract type="html">address of the user to call</Abstract>
				</Parameter><Parameter>
					<Name>hasVideo</Name>
					<Abstract type="html">indicate if the call will include a video stream</Abstract>
				</Parameter>
			</Parameters>
			
			<Anchor>//api/name/startCallToAddress:hasVideo:</Anchor>
            <NodeRef refid="1"/>
		</Token>
		
		<Token>
			<TokenIdentifier>//apple_ref/occ/clm/Bit6/playVideoFromMessage:viewController:</TokenIdentifier>
			<Abstract type="html">Plays the attached video included in a Bit6Message object using the MPMoviePlayerViewController class.</Abstract>
			<DeclaredIn>Bit6.h</DeclaredIn>
			
			<Declaration>+ (void)playVideoFromMessage:(Bit6Message *)msg viewController:(UIViewController *)vc</Declaration>
			<Parameters>
				<Parameter>
					<Name>msg</Name>
					<Abstract type="html">A Bit6Message object with a video attached. A message has a video attached if Bit6Message.type == Bit6MessageTypeAttachments and Bit6Message.attachFileType == Bit6MessageFileTypeVideoMP4.</Abstract>
				</Parameter><Parameter>
					<Name>vc</Name>
					<Abstract type="html">viewcontroller from which to present the MPMoviePlayerViewController control to play the video</Abstract>
				</Parameter>
			</Parameters>
			
			<Anchor>//api/name/playVideoFromMessage:viewController:</Anchor>
            <NodeRef refid="1"/>
		</Token>
		
		<Token>
			<TokenIdentifier>//apple_ref/occ/clm/Bit6/openLocationOnMapsFromMessage:</TokenIdentifier>
			<Abstract type="html">Convenience method to open the location included in a Bit6Message object in the Apple Maps app.</Abstract>
			<DeclaredIn>Bit6.h</DeclaredIn>
			
			<Declaration>+ (void)openLocationOnMapsFromMessage:(Bit6Message *)msg</Declaration>
			<Parameters>
				<Parameter>
					<Name>msg</Name>
					<Abstract type="html">A Bit6Message object with a location attached. A message has a location attached if Bit6Message.type == Bit6MessageType_Location.</Abstract>
				</Parameter>
			</Parameters>
			
			<Anchor>//api/name/openLocationOnMapsFromMessage:</Anchor>
            <NodeRef refid="1"/>
		</Token>
		
		<Token>
			<TokenIdentifier>//apple_ref/occ/clm/Bit6/typingBeginToAddress:</TokenIdentifier>
			<Abstract type="html">Used to notify when the user starts typing.</Abstract>
			<DeclaredIn>Bit6.h</DeclaredIn>
			
			<Declaration>+ (void)typingBeginToAddress:(Bit6Address *)address</Declaration>
			<Parameters>
				<Parameter>
					<Name>address</Name>
					<Abstract type="html">address where the notification will be sent</Abstract>
				</Parameter>
			</Parameters>
			
			<Anchor>//api/name/typingBeginToAddress:</Anchor>
            <NodeRef refid="1"/>
		</Token>
		
		<Token>
			<TokenIdentifier>//apple_ref/occ/clm/Bit6/setShouldDownloadVideoBeforePlaying:</TokenIdentifier>
			<Abstract type="html">Configure the video attachments playing mode.</Abstract>
			<DeclaredIn>Bit6.h</DeclaredIn>
			
			<Declaration>+ (void)setShouldDownloadVideoBeforePlaying:(BOOL)shouldDownloadVideoBeforePlaying</Declaration>
			<Parameters>
				<Parameter>
					<Name>shouldDownloadVideoBeforePlaying</Name>
					<Abstract type="html">if true the video attachments will be downloaded to be played locally. If false, the video will be streamed.</Abstract>
				</Parameter>
			</Parameters>
			
			<Anchor>//api/name/setShouldDownloadVideoBeforePlaying:</Anchor>
            <NodeRef refid="1"/>
		</Token>
		
		<Token>
			<TokenIdentifier>//apple_ref/occ/clm/Bit6/shouldDownloadVideoBeforePlaying</TokenIdentifier>
			<Abstract type="html">Obtains the current configuration to play video attachments.</Abstract>
			<DeclaredIn>Bit6.h</DeclaredIn>
			
			<Declaration>+ (BOOL)shouldDownloadVideoBeforePlaying</Declaration>
			
			<ReturnValue><Abstract type="html">true if the video attachments will be downloaded to be played locally. false if the video will be streamed.</Abstract></ReturnValue>
			<Anchor>//api/name/shouldDownloadVideoBeforePlaying</Anchor>
            <NodeRef refid="1"/>
		</Token>
		
        
	</File>
</Tokens>