<?xml version="1.0" encoding="UTF-8"?>
<Tokens version="1.0">
	<File path="Constants/Bit6PushNotificationMode.html">
		
		<Token>
			<TokenIdentifier>//apple_ref/c/tdef/Bit6PushNotificationMode</TokenIdentifier>
			<Abstract type="html">Push Notification Mode</Abstract>
			<DeclaredIn>Bit6Constants.h</DeclaredIn>
            
			
			<NodeRef refid="27"/>
		</Token>
		
		
        
        <Token>
            <TokenIdentifier>//apple_ref/c/econst/Bit6PushNotificationMode_DEVELOPMENT</TokenIdentifier>
            <Abstract type="html">Development Mode for Push Notifications</Abstract>
            <Declaration>Bit6PushNotificationMode_DEVELOPMENT</Declaration>
            
            <DeclaredIn>Bit6Constants.h</DeclaredIn>
            
            <NodeRef refid="27"/>
        </Token>
        
        <Token>
            <TokenIdentifier>//apple_ref/c/econst/Bit6PushNotificationMode_PRODUCTION</TokenIdentifier>
            <Abstract type="html">Production Mode for Push Notifications</Abstract>
            <Declaration>Bit6PushNotificationMode_PRODUCTION</Declaration>
            
            <DeclaredIn>Bit6Constants.h</DeclaredIn>
            
            <NodeRef refid="27"/>
        </Token>
        
	</File>
</Tokens>