<?xml version="1.0" encoding="UTF-8"?>
<Tokens version="1.0">
	<File path="Constants/Bit6AddressKind.html">
		
		<Token>
			<TokenIdentifier>//apple_ref/c/tdef/Bit6AddressKind</TokenIdentifier>
			<Abstract type="html">Bit6Address kind</Abstract>
			<DeclaredIn>Bit6Address.h</DeclaredIn>
            
			
			<NodeRef refid="19"/>
		</Token>
		
		
        
        <Token>
            <TokenIdentifier>//apple_ref/c/econst/Bit6AddressKind_PHONE</TokenIdentifier>
            <Abstract type="html">The Bit6Address refers to a phone number</Abstract>
            <Declaration>Bit6AddressKind_PHONE</Declaration>
            
            <DeclaredIn>Bit6Address.h</DeclaredIn>
            
            <NodeRef refid="19"/>
        </Token>
        
        <Token>
            <TokenIdentifier>//apple_ref/c/econst/Bit6AddressKind_USERNAME</TokenIdentifier>
            <Abstract type="html">The Bit6Address refers to an username</Abstract>
            <Declaration>Bit6AddressKind_USERNAME</Declaration>
            
            <DeclaredIn>Bit6Address.h</DeclaredIn>
            
            <NodeRef refid="19"/>
        </Token>
        
	</File>
</Tokens>