<?xml version="1.0" encoding="UTF-8"?>
<Tokens version="1.0">
	<File path="Constants/Bit6MessageFileType.html">
		
		<Token>
			<TokenIdentifier>//apple_ref/c/tdef/Bit6MessageFileType</TokenIdentifier>
			<Abstract type="html">Attachment type for a Bit6Message</Abstract>
			<DeclaredIn>Bit6Message.h</DeclaredIn>
            
			
			<NodeRef refid="24"/>
		</Token>
		
		
        
        <Token>
            <TokenIdentifier>//apple_ref/c/econst/Bit6MessageFileType_None</TokenIdentifier>
            <Abstract type="html">The message has no attachment.</Abstract>
            <Declaration>Bit6MessageFileType_None</Declaration>
            
            <DeclaredIn>Bit6Message.h</DeclaredIn>
            
            <NodeRef refid="24"/>
        </Token>
        
        <Token>
            <TokenIdentifier>//apple_ref/c/econst/Bit6MessageFileType_AudioMP4</TokenIdentifier>
            <Abstract type="html">The message has an MP4 audio attachment.</Abstract>
            <Declaration>Bit6MessageFileType_AudioMP4</Declaration>
            
            <DeclaredIn>Bit6Message.h</DeclaredIn>
            
            <NodeRef refid="24"/>
        </Token>
        
        <Token>
            <TokenIdentifier>//apple_ref/c/econst/Bit6MessageFileType_ImagePNG</TokenIdentifier>
            <Abstract type="html">The message has an PNG image attachment.</Abstract>
            <Declaration>Bit6MessageFileType_ImagePNG</Declaration>
            
            <DeclaredIn>Bit6Message.h</DeclaredIn>
            
            <NodeRef refid="24"/>
        </Token>
        
        <Token>
            <TokenIdentifier>//apple_ref/c/econst/Bit6MessageFileType_ImageJPG</TokenIdentifier>
            <Abstract type="html">The message has an JPEG image attachment.</Abstract>
            <Declaration>Bit6MessageFileType_ImageJPG</Declaration>
            
            <DeclaredIn>Bit6Message.h</DeclaredIn>
            
            <NodeRef refid="24"/>
        </Token>
        
        <Token>
            <TokenIdentifier>//apple_ref/c/econst/Bit6MessageFileType_VideoMP4</TokenIdentifier>
            <Abstract type="html">The message has an MP4 video attachment.</Abstract>
            <Declaration>Bit6MessageFileType_VideoMP4</Declaration>
            
            <DeclaredIn>Bit6Message.h</DeclaredIn>
            
            <NodeRef refid="24"/>
        </Token>
        
	</File>
</Tokens>