<?xml version="1.0" encoding="UTF-8"?>
<Tokens version="1.0">
	<File path="Classes/Bit6MessageData.html">
		
		<Token>
			<TokenIdentifier>//apple_ref/occ/cl/Bit6MessageData</TokenIdentifier>
			<Abstract type="html">A Bit6MessageData object represents the data attached attached to a Bit6Message object.</Abstract>
			<DeclaredIn>Bit6Message.h</DeclaredIn>
            
			
			<NodeRef refid="11"/>
		</Token>
		
		
		<Token>
			<TokenIdentifier>//apple_ref/occ/instm/Bit6MessageData/setLat:</TokenIdentifier>
			<Abstract type="html">Latitude of the location included in the message.</Abstract>
			<DeclaredIn>Bit6Message.h</DeclaredIn>
			
			<Declaration>@property (nonatomic, copy) NSNumber *lat</Declaration>
			
			
			<Anchor>//api/name/lat</Anchor>
            <NodeRef refid="11"/>
		</Token>
		
		<Token>
			<TokenIdentifier>//apple_ref/occ/instm/Bit6MessageData/lat</TokenIdentifier>
			<Abstract type="html">Latitude of the location included in the message.</Abstract>
			<DeclaredIn>Bit6Message.h</DeclaredIn>
			
			<Declaration>@property (nonatomic, copy) NSNumber *lat</Declaration>
			
			
			<Anchor>//api/name/lat</Anchor>
            <NodeRef refid="11"/>
		</Token>
		
		<Token>
			<TokenIdentifier>//apple_ref/occ/instp/Bit6MessageData/lat</TokenIdentifier>
			<Abstract type="html">Latitude of the location included in the message.</Abstract>
			<DeclaredIn>Bit6Message.h</DeclaredIn>
			
			<Declaration>@property (nonatomic, copy) NSNumber *lat</Declaration>
			
			
			<Anchor>//api/name/lat</Anchor>
            <NodeRef refid="11"/>
		</Token>
		
		<Token>
			<TokenIdentifier>//apple_ref/occ/instm/Bit6MessageData/setLng:</TokenIdentifier>
			<Abstract type="html">Longitude of the location included in the message.</Abstract>
			<DeclaredIn>Bit6Message.h</DeclaredIn>
			
			<Declaration>@property (nonatomic, copy) NSNumber *lng</Declaration>
			
			
			<Anchor>//api/name/lng</Anchor>
            <NodeRef refid="11"/>
		</Token>
		
		<Token>
			<TokenIdentifier>//apple_ref/occ/instm/Bit6MessageData/lng</TokenIdentifier>
			<Abstract type="html">Longitude of the location included in the message.</Abstract>
			<DeclaredIn>Bit6Message.h</DeclaredIn>
			
			<Declaration>@property (nonatomic, copy) NSNumber *lng</Declaration>
			
			
			<Anchor>//api/name/lng</Anchor>
            <NodeRef refid="11"/>
		</Token>
		
		<Token>
			<TokenIdentifier>//apple_ref/occ/instp/Bit6MessageData/lng</TokenIdentifier>
			<Abstract type="html">Longitude of the location included in the message.</Abstract>
			<DeclaredIn>Bit6Message.h</DeclaredIn>
			
			<Declaration>@property (nonatomic, copy) NSNumber *lng</Declaration>
			
			
			<Anchor>//api/name/lng</Anchor>
            <NodeRef refid="11"/>
		</Token>
		
        
	</File>
</Tokens>