<?xml version="1.0" encoding="UTF-8"?>
<Tokens version="1.0">
	<File path="Classes/Bit6CurrentLocationController.html">
		
		<Token>
			<TokenIdentifier>//apple_ref/occ/cl/Bit6CurrentLocationController</TokenIdentifier>
			<Abstract type="html">This controller is used to obtain user&apos;s current location.</Abstract>
			<DeclaredIn>Bit6CurrentLocationController.h</DeclaredIn>
            
			
			<NodeRef refid="7"/>
		</Token>
		
		
		<Token>
			<TokenIdentifier>//apple_ref/occ/clm/Bit6CurrentLocationController/sharedInstance</TokenIdentifier>
			<Abstract type="html">Returns the default Bit6CurrentLocationController object.</Abstract>
			<DeclaredIn>Bit6CurrentLocationController.h</DeclaredIn>
			
			<Declaration>+ (Bit6CurrentLocationController *)sharedInstance</Declaration>
			
			<ReturnValue><Abstract type="html">the default Bit6CurrentLocationController object.</Abstract></ReturnValue>
			<Anchor>//api/name/sharedInstance</Anchor>
            <NodeRef refid="7"/>
		</Token>
		
		<Token>
			<TokenIdentifier>//apple_ref/occ/instm/Bit6CurrentLocationController/startListeningToLocationForMessage:delegate:</TokenIdentifier>
			<Abstract type="html">Starts listening to the user&apos;s location.</Abstract>
			<DeclaredIn>Bit6CurrentLocationController.h</DeclaredIn>
			
			<Declaration>- (void)startListeningToLocationForMessage:(Bit6OutgoingMessage *)msg delegate:(id&lt;Bit6CurrentLocationControllerDelegate&gt;)delegate</Declaration>
			<Parameters>
				<Parameter>
					<Name>msg</Name>
					<Abstract type="html">a Bit6OutgoingMessage object where the user&apos;s location will be included.</Abstract>
				</Parameter><Parameter>
					<Name>delegate</Name>
					<Abstract type="html">delegate to be notified when the location has been obtained. For information about the methods you can implement for your delegate object, see Bit6CurrentLocationControllerDelegate Protocol Reference.</Abstract>
				</Parameter>
			</Parameters>
			
			<Anchor>//api/name/startListeningToLocationForMessage:delegate:</Anchor>
            <NodeRef refid="7"/>
		</Token>
		
		<Token>
			<TokenIdentifier>//apple_ref/occ/instm/Bit6CurrentLocationController/stopListeningToLocation</TokenIdentifier>
			<Abstract type="html">Stops listening to the user&apos;s location</Abstract>
			<DeclaredIn>Bit6CurrentLocationController.h</DeclaredIn>
			
			<Declaration>- (void)stopListeningToLocation</Declaration>
			
			
			<Anchor>//api/name/stopListeningToLocation</Anchor>
            <NodeRef refid="7"/>
		</Token>
		
        
	</File>
</Tokens>