<?xml version="1.0" encoding="UTF-8"?>
<Tokens version="1.0">
	<File path="Constants/Bit6MessageStatus.html">
		
		<Token>
			<TokenIdentifier>//apple_ref/c/tdef/Bit6MessageStatus</TokenIdentifier>
			<Abstract type="html">Delivery status for a Bit6Message.</Abstract>
			<DeclaredIn>Bit6Message.h</DeclaredIn>
            
			
			<NodeRef refid="25"/>
		</Token>
		
		
        
        <Token>
            <TokenIdentifier>//apple_ref/c/econst/Bit6MessageStatus_Sending</TokenIdentifier>
            <Abstract type="html">The message is being sent.</Abstract>
            <Declaration>Bit6MessageStatus_Sending</Declaration>
            
            <DeclaredIn>Bit6Message.h</DeclaredIn>
            
            <NodeRef refid="25"/>
        </Token>
        
        <Token>
            <TokenIdentifier>//apple_ref/c/econst/Bit6MessageStatus_Sent</TokenIdentifier>
            <Abstract type="html">The message has been sent.</Abstract>
            <Declaration>Bit6MessageStatus_Sent</Declaration>
            
            <DeclaredIn>Bit6Message.h</DeclaredIn>
            
            <NodeRef refid="25"/>
        </Token>
        
        <Token>
            <TokenIdentifier>//apple_ref/c/econst/Bit6MessageStatus_Failed</TokenIdentifier>
            <Abstract type="html">The message sending has failed.</Abstract>
            <Declaration>Bit6MessageStatus_Failed</Declaration>
            
            <DeclaredIn>Bit6Message.h</DeclaredIn>
            
            <NodeRef refid="25"/>
        </Token>
        
        <Token>
            <TokenIdentifier>//apple_ref/c/econst/Bit6MessageStatus_Delivered</TokenIdentifier>
            <Abstract type="html">The message has been delivered.</Abstract>
            <Declaration>Bit6MessageStatus_Delivered</Declaration>
            
            <DeclaredIn>Bit6Message.h</DeclaredIn>
            
            <NodeRef refid="25"/>
        </Token>
        
        <Token>
            <TokenIdentifier>//apple_ref/c/econst/Bit6MessageStatus_Read</TokenIdentifier>
            <Abstract type="html">The message has been read.</Abstract>
            <Declaration>Bit6MessageStatus_Read</Declaration>
            
            <DeclaredIn>Bit6Message.h</DeclaredIn>
            
            <NodeRef refid="25"/>
        </Token>
        
	</File>
</Tokens>