<?xml version="1.0" encoding="UTF-8"?>
<Tokens version="1.0">
	<File path="Classes/Bit6Address.html">
		
		<Token>
			<TokenIdentifier>//apple_ref/occ/cl/Bit6Address</TokenIdentifier>
			<Abstract type="html">Bit6Address is used to describe a user identity or a destination for calling and messaging.</Abstract>
			<DeclaredIn>Bit6Address.h</DeclaredIn>
            
			
			<NodeRef refid="2"/>
		</Token>
		
		
		<Token>
			<TokenIdentifier>//apple_ref/occ/instm/Bit6Address/initWithKind:value:</TokenIdentifier>
			<Abstract type="html">Initializes a Bit6Address object</Abstract>
			<DeclaredIn>Bit6Address.h</DeclaredIn>
			
			<Declaration>- (instancetype)initWithKind:(Bit6AddressKind)kind value:(NSString *)value</Declaration>
			<Parameters>
				<Parameter>
					<Name>kind</Name>
					<Abstract type="html">Destination kind.</Abstract>
				</Parameter><Parameter>
					<Name>value</Name>
					<Abstract type="html">Destination value.</Abstract>
				</Parameter>
			</Parameters>
			<ReturnValue><Abstract type="html">a Bit6Address object.</Abstract></ReturnValue>
			<Anchor>//api/name/initWithKind:value:</Anchor>
            <NodeRef refid="2"/>
		</Token>
		
		<Token>
			<TokenIdentifier>//apple_ref/occ/instm/Bit6Address/setDisplayName:</TokenIdentifier>
			<Abstract type="html">A display name for this &lt;Bit6UserIdentity&gt; object.</Abstract>
			<DeclaredIn>Bit6Address.h</DeclaredIn>
			
			<Declaration>@property (nonatomic, readonly) NSString *displayName</Declaration>
			
			
			<Anchor>//api/name/displayName</Anchor>
            <NodeRef refid="2"/>
		</Token>
		
		<Token>
			<TokenIdentifier>//apple_ref/occ/instm/Bit6Address/displayName</TokenIdentifier>
			<Abstract type="html">A display name for this &lt;Bit6UserIdentity&gt; object.</Abstract>
			<DeclaredIn>Bit6Address.h</DeclaredIn>
			
			<Declaration>@property (nonatomic, readonly) NSString *displayName</Declaration>
			
			
			<Anchor>//api/name/displayName</Anchor>
            <NodeRef refid="2"/>
		</Token>
		
		<Token>
			<TokenIdentifier>//apple_ref/occ/instp/Bit6Address/displayName</TokenIdentifier>
			<Abstract type="html">A display name for this &lt;Bit6UserIdentity&gt; object.</Abstract>
			<DeclaredIn>Bit6Address.h</DeclaredIn>
			
			<Declaration>@property (nonatomic, readonly) NSString *displayName</Declaration>
			
			
			<Anchor>//api/name/displayName</Anchor>
            <NodeRef refid="2"/>
		</Token>
		
        
	</File>
</Tokens>