<?xml version="1.0" encoding="UTF-8"?>
<Tokens version="1.0">
	<File path="Classes/Bit6AudioPlayerController.html">
		
		<Token>
			<TokenIdentifier>//apple_ref/occ/cl/Bit6AudioPlayerController</TokenIdentifier>
			<Abstract type="html">Audio player allows to play an audio file attached to a message.</Abstract>
			<DeclaredIn>Bit6AudioPlayerController.h</DeclaredIn>
            
			
			<NodeRef refid="4"/>
		</Token>
		
		
		<Token>
			<TokenIdentifier>//apple_ref/occ/clm/Bit6AudioPlayerController/sharedInstance</TokenIdentifier>
			<Abstract type="html">Gets the default Bit6AudioPlayerController object.</Abstract>
			<DeclaredIn>Bit6AudioPlayerController.h</DeclaredIn>
			
			<Declaration>+ (Bit6AudioPlayerController *)sharedInstance</Declaration>
			
			<ReturnValue><Abstract type="html">Default Bit6AudioPlayerController object.</Abstract></ReturnValue>
			<Anchor>//api/name/sharedInstance</Anchor>
            <NodeRef refid="4"/>
		</Token>
		
		<Token>
			<TokenIdentifier>//apple_ref/occ/instm/Bit6AudioPlayerController/startPlayingAudioFileInMessage:</TokenIdentifier>
			<Abstract type="html">Starts playing the audio file attached to a message.</Abstract>
			<DeclaredIn>Bit6AudioPlayerController.h</DeclaredIn>
			
			<Declaration>- (void)startPlayingAudioFileInMessage:(Bit6Message *)msg</Declaration>
			<Parameters>
				<Parameter>
					<Name>msg</Name>
					<Abstract type="html">A Bit6Message object with the audio attachment to play.</Abstract>
				</Parameter>
			</Parameters>
			
			<Anchor>//api/name/startPlayingAudioFileInMessage:</Anchor>
            <NodeRef refid="4"/>
		</Token>
		
		<Token>
			<TokenIdentifier>//apple_ref/occ/instm/Bit6AudioPlayerController/startPlayingAudioFileInMessage:errorHandler:</TokenIdentifier>
			<Abstract type="html">Starts playing the audio file attached to a message.</Abstract>
			<DeclaredIn>Bit6AudioPlayerController.h</DeclaredIn>
			
			<Declaration>- (void)startPlayingAudioFileInMessage:(Bit6Message *)msg errorHandler:(void ( ^ ) ( NSError *error ))errorHandler</Declaration>
			<Parameters>
				<Parameter>
					<Name>msg</Name>
					<Abstract type="html">A Bit6Message object with the audio attachment to play.</Abstract>
				</Parameter><Parameter>
					<Name>errorHandler</Name>
					<Abstract type="html">block to call if an error occurs</Abstract>
				</Parameter>
			</Parameters>
			
			<Anchor>//api/name/startPlayingAudioFileInMessage:errorHandler:</Anchor>
            <NodeRef refid="4"/>
		</Token>
		
		<Token>
			<TokenIdentifier>//apple_ref/occ/instm/Bit6AudioPlayerController/isPlayingAudioFile</TokenIdentifier>
			<Abstract type="html">Used to know if there&apos;s an audio file is playing</Abstract>
			<DeclaredIn>Bit6AudioPlayerController.h</DeclaredIn>
			
			<Declaration>- (BOOL)isPlayingAudioFile</Declaration>
			
			<ReturnValue><Abstract type="html">YES is an audio file is playing</Abstract></ReturnValue>
			<Anchor>//api/name/isPlayingAudioFile</Anchor>
            <NodeRef refid="4"/>
		</Token>
		
		<Token>
			<TokenIdentifier>//apple_ref/occ/instm/Bit6AudioPlayerController/stopPlayingAudioFile</TokenIdentifier>
			<Abstract type="html">Stop the audio file playing at the time</Abstract>
			<DeclaredIn>Bit6AudioPlayerController.h</DeclaredIn>
			
			<Declaration>- (void)stopPlayingAudioFile</Declaration>
			
			
			<Anchor>//api/name/stopPlayingAudioFile</Anchor>
            <NodeRef refid="4"/>
		</Token>
		
        
	</File>
</Tokens>