<?xml version="1.0" encoding="UTF-8"?>
<Tokens version="1.0">
	<File path="Classes/Bit6ImageView.html">
		
		<Token>
			<TokenIdentifier>//apple_ref/occ/cl/Bit6ImageView</TokenIdentifier>
			<Abstract type="html">Special subclass of UIImageView to work with the full images attached to a message</Abstract>
			<DeclaredIn>Bit6ImageView.h</DeclaredIn>
            
			
			<NodeRef refid="8"/>
		</Token>
		
		
		<Token>
			<TokenIdentifier>//apple_ref/occ/instm/Bit6ImageView/setMessage:</TokenIdentifier>
			<Abstract type="html">Message with an attachment to be displayed</Abstract>
			<DeclaredIn>Bit6ImageView.h</DeclaredIn>
			
			<Declaration>@property (nonatomic, copy) Bit6Message *message</Declaration>
			
			
			<Anchor>//api/name/message</Anchor>
            <NodeRef refid="8"/>
		</Token>
		
		<Token>
			<TokenIdentifier>//apple_ref/occ/instm/Bit6ImageView/message</TokenIdentifier>
			<Abstract type="html">Message with an attachment to be displayed</Abstract>
			<DeclaredIn>Bit6ImageView.h</DeclaredIn>
			
			<Declaration>@property (nonatomic, copy) Bit6Message *message</Declaration>
			
			
			<Anchor>//api/name/message</Anchor>
            <NodeRef refid="8"/>
		</Token>
		
		<Token>
			<TokenIdentifier>//apple_ref/occ/instp/Bit6ImageView/message</TokenIdentifier>
			<Abstract type="html">Message with an attachment to be displayed</Abstract>
			<DeclaredIn>Bit6ImageView.h</DeclaredIn>
			
			<Declaration>@property (nonatomic, copy) Bit6Message *message</Declaration>
			
			
			<Anchor>//api/name/message</Anchor>
            <NodeRef refid="8"/>
		</Token>
		
        
	</File>
</Tokens>