<?xml version="1.0" encoding="UTF-8"?>
<Tokens version="1.0">
	<File path="Classes/Bit6InCallController.html">
		
		<Token>
			<TokenIdentifier>//apple_ref/occ/cl/Bit6InCallController</TokenIdentifier>
			<Abstract type="html">This controller is used to interact with the inCall screen.</Abstract>
			<DeclaredIn>Bit6InCallController.h</DeclaredIn>
            
			
			<NodeRef refid="9"/>
		</Token>
		
		
		<Token>
			<TokenIdentifier>//apple_ref/occ/clm/Bit6InCallController/sharedInstance</TokenIdentifier>
			<Abstract type="html">Gets the default Bit6InCallController object.</Abstract>
			<DeclaredIn>Bit6InCallController.h</DeclaredIn>
			
			<Declaration>+ (Bit6InCallController *)sharedInstance</Declaration>
			
			<ReturnValue><Abstract type="html">Default Bit6InCallController object.</Abstract></ReturnValue>
			<Anchor>//api/name/sharedInstance</Anchor>
            <NodeRef refid="9"/>
		</Token>
		
		<Token>
			<TokenIdentifier>//apple_ref/occ/instm/Bit6InCallController/setDelegate:</TokenIdentifier>
			<Abstract type="html">the delegate to be notified when the inCall events occur. This delegate is also used to configure the visual aspect of the inCall screen. For details about the methods that can be implemented by the delegate, see Bit6InCallControllerDelegate Protocol Reference.</Abstract>
			<DeclaredIn>Bit6InCallController.h</DeclaredIn>
			
			<Declaration>@property (nonatomic, weak) IBOutlet id&lt;Bit6InCallControllerDelegate&gt; delegate</Declaration>
			
			
			<Anchor>//api/name/delegate</Anchor>
            <NodeRef refid="9"/>
		</Token>
		
		<Token>
			<TokenIdentifier>//apple_ref/occ/instm/Bit6InCallController/delegate</TokenIdentifier>
			<Abstract type="html">the delegate to be notified when the inCall events occur. This delegate is also used to configure the visual aspect of the inCall screen. For details about the methods that can be implemented by the delegate, see Bit6InCallControllerDelegate Protocol Reference.</Abstract>
			<DeclaredIn>Bit6InCallController.h</DeclaredIn>
			
			<Declaration>@property (nonatomic, weak) IBOutlet id&lt;Bit6InCallControllerDelegate&gt; delegate</Declaration>
			
			
			<Anchor>//api/name/delegate</Anchor>
            <NodeRef refid="9"/>
		</Token>
		
		<Token>
			<TokenIdentifier>//apple_ref/occ/instp/Bit6InCallController/delegate</TokenIdentifier>
			<Abstract type="html">the delegate to be notified when the inCall events occur. This delegate is also used to configure the visual aspect of the inCall screen. For details about the methods that can be implemented by the delegate, see Bit6InCallControllerDelegate Protocol Reference.</Abstract>
			<DeclaredIn>Bit6InCallController.h</DeclaredIn>
			
			<Declaration>@property (nonatomic, weak) IBOutlet id&lt;Bit6InCallControllerDelegate&gt; delegate</Declaration>
			
			
			<Anchor>//api/name/delegate</Anchor>
            <NodeRef refid="9"/>
		</Token>
		
		<Token>
			<TokenIdentifier>//apple_ref/occ/instm/Bit6InCallController/setSeconds:</TokenIdentifier>
			<Abstract type="html">The number of seconds the call has been going</Abstract>
			<DeclaredIn>Bit6InCallController.h</DeclaredIn>
			
			<Declaration>@property (nonatomic, readonly) int seconds</Declaration>
			
			
			<Anchor>//api/name/seconds</Anchor>
            <NodeRef refid="9"/>
		</Token>
		
		<Token>
			<TokenIdentifier>//apple_ref/occ/instm/Bit6InCallController/seconds</TokenIdentifier>
			<Abstract type="html">The number of seconds the call has been going</Abstract>
			<DeclaredIn>Bit6InCallController.h</DeclaredIn>
			
			<Declaration>@property (nonatomic, readonly) int seconds</Declaration>
			
			
			<Anchor>//api/name/seconds</Anchor>
            <NodeRef refid="9"/>
		</Token>
		
		<Token>
			<TokenIdentifier>//apple_ref/occ/instp/Bit6InCallController/seconds</TokenIdentifier>
			<Abstract type="html">The number of seconds the call has been going</Abstract>
			<DeclaredIn>Bit6InCallController.h</DeclaredIn>
			
			<Declaration>@property (nonatomic, readonly) int seconds</Declaration>
			
			
			<Anchor>//api/name/seconds</Anchor>
            <NodeRef refid="9"/>
		</Token>
		
		<Token>
			<TokenIdentifier>//apple_ref/occ/instm/Bit6InCallController/setSpeakerEnabled:</TokenIdentifier>
			<Abstract type="html">The audio from the call is going through the speaker</Abstract>
			<DeclaredIn>Bit6InCallController.h</DeclaredIn>
			
			<Declaration>@property (nonatomic, readonly, getter=isSpeakerEnabled) BOOL speakerEnabled</Declaration>
			
			
			<Anchor>//api/name/speakerEnabled</Anchor>
            <NodeRef refid="9"/>
		</Token>
		
		<Token>
			<TokenIdentifier>//apple_ref/occ/instm/Bit6InCallController/isSpeakerEnabled</TokenIdentifier>
			<Abstract type="html">The audio from the call is going through the speaker</Abstract>
			<DeclaredIn>Bit6InCallController.h</DeclaredIn>
			
			<Declaration>@property (nonatomic, readonly, getter=isSpeakerEnabled) BOOL speakerEnabled</Declaration>
			
			
			<Anchor>//api/name/speakerEnabled</Anchor>
            <NodeRef refid="9"/>
		</Token>
		
		<Token>
			<TokenIdentifier>//apple_ref/occ/instp/Bit6InCallController/speakerEnabled</TokenIdentifier>
			<Abstract type="html">The audio from the call is going through the speaker</Abstract>
			<DeclaredIn>Bit6InCallController.h</DeclaredIn>
			
			<Declaration>@property (nonatomic, readonly, getter=isSpeakerEnabled) BOOL speakerEnabled</Declaration>
			
			
			<Anchor>//api/name/speakerEnabled</Anchor>
            <NodeRef refid="9"/>
		</Token>
		
		<Token>
			<TokenIdentifier>//apple_ref/occ/instm/Bit6InCallController/setAudioMuted:</TokenIdentifier>
			<Abstract type="html">The audio is muted for the current call</Abstract>
			<DeclaredIn>Bit6InCallController.h</DeclaredIn>
			
			<Declaration>@property (nonatomic, readonly, getter=isAudioMuted) BOOL audioMuted</Declaration>
			
			
			<Anchor>//api/name/audioMuted</Anchor>
            <NodeRef refid="9"/>
		</Token>
		
		<Token>
			<TokenIdentifier>//apple_ref/occ/instm/Bit6InCallController/isAudioMuted</TokenIdentifier>
			<Abstract type="html">The audio is muted for the current call</Abstract>
			<DeclaredIn>Bit6InCallController.h</DeclaredIn>
			
			<Declaration>@property (nonatomic, readonly, getter=isAudioMuted) BOOL audioMuted</Declaration>
			
			
			<Anchor>//api/name/audioMuted</Anchor>
            <NodeRef refid="9"/>
		</Token>
		
		<Token>
			<TokenIdentifier>//apple_ref/occ/instp/Bit6InCallController/audioMuted</TokenIdentifier>
			<Abstract type="html">The audio is muted for the current call</Abstract>
			<DeclaredIn>Bit6InCallController.h</DeclaredIn>
			
			<Declaration>@property (nonatomic, readonly, getter=isAudioMuted) BOOL audioMuted</Declaration>
			
			
			<Anchor>//api/name/audioMuted</Anchor>
            <NodeRef refid="9"/>
		</Token>
		
		<Token>
			<TokenIdentifier>//apple_ref/occ/instm/Bit6InCallController/setVideoMuted:</TokenIdentifier>
			<Abstract type="html">The video is muted for the current call</Abstract>
			<DeclaredIn>Bit6InCallController.h</DeclaredIn>
			
			<Declaration>@property (nonatomic, readonly, getter=isVideoMuted) BOOL videoMuted</Declaration>
			
			
			<Anchor>//api/name/videoMuted</Anchor>
            <NodeRef refid="9"/>
		</Token>
		
		<Token>
			<TokenIdentifier>//apple_ref/occ/instm/Bit6InCallController/isVideoMuted</TokenIdentifier>
			<Abstract type="html">The video is muted for the current call</Abstract>
			<DeclaredIn>Bit6InCallController.h</DeclaredIn>
			
			<Declaration>@property (nonatomic, readonly, getter=isVideoMuted) BOOL videoMuted</Declaration>
			
			
			<Anchor>//api/name/videoMuted</Anchor>
            <NodeRef refid="9"/>
		</Token>
		
		<Token>
			<TokenIdentifier>//apple_ref/occ/instp/Bit6InCallController/videoMuted</TokenIdentifier>
			<Abstract type="html">The video is muted for the current call</Abstract>
			<DeclaredIn>Bit6InCallController.h</DeclaredIn>
			
			<Declaration>@property (nonatomic, readonly, getter=isVideoMuted) BOOL videoMuted</Declaration>
			
			
			<Anchor>//api/name/videoMuted</Anchor>
            <NodeRef refid="9"/>
		</Token>
		
		<Token>
			<TokenIdentifier>//apple_ref/occ/instm/Bit6InCallController/setConnected:</TokenIdentifier>
			<Abstract type="html">A call has been established</Abstract>
			<DeclaredIn>Bit6InCallController.h</DeclaredIn>
			
			<Declaration>@property (nonatomic, readonly, getter=isConnected) BOOL connected</Declaration>
			
			
			<Anchor>//api/name/connected</Anchor>
            <NodeRef refid="9"/>
		</Token>
		
		<Token>
			<TokenIdentifier>//apple_ref/occ/instm/Bit6InCallController/isConnected</TokenIdentifier>
			<Abstract type="html">A call has been established</Abstract>
			<DeclaredIn>Bit6InCallController.h</DeclaredIn>
			
			<Declaration>@property (nonatomic, readonly, getter=isConnected) BOOL connected</Declaration>
			
			
			<Anchor>//api/name/connected</Anchor>
            <NodeRef refid="9"/>
		</Token>
		
		<Token>
			<TokenIdentifier>//apple_ref/occ/instp/Bit6InCallController/connected</TokenIdentifier>
			<Abstract type="html">A call has been established</Abstract>
			<DeclaredIn>Bit6InCallController.h</DeclaredIn>
			
			<Declaration>@property (nonatomic, readonly, getter=isConnected) BOOL connected</Declaration>
			
			
			<Anchor>//api/name/connected</Anchor>
            <NodeRef refid="9"/>
		</Token>
		
		<Token>
			<TokenIdentifier>//apple_ref/occ/instm/Bit6InCallController/setVideoCall:</TokenIdentifier>
			<Abstract type="html">The current call is a video call</Abstract>
			<DeclaredIn>Bit6InCallController.h</DeclaredIn>
			
			<Declaration>@property (nonatomic, readonly, getter=isVideoCall) BOOL videoCall</Declaration>
			
			
			<Anchor>//api/name/videoCall</Anchor>
            <NodeRef refid="9"/>
		</Token>
		
		<Token>
			<TokenIdentifier>//apple_ref/occ/instm/Bit6InCallController/isVideoCall</TokenIdentifier>
			<Abstract type="html">The current call is a video call</Abstract>
			<DeclaredIn>Bit6InCallController.h</DeclaredIn>
			
			<Declaration>@property (nonatomic, readonly, getter=isVideoCall) BOOL videoCall</Declaration>
			
			
			<Anchor>//api/name/videoCall</Anchor>
            <NodeRef refid="9"/>
		</Token>
		
		<Token>
			<TokenIdentifier>//apple_ref/occ/instp/Bit6InCallController/videoCall</TokenIdentifier>
			<Abstract type="html">The current call is a video call</Abstract>
			<DeclaredIn>Bit6InCallController.h</DeclaredIn>
			
			<Declaration>@property (nonatomic, readonly, getter=isVideoCall) BOOL videoCall</Declaration>
			
			
			<Anchor>//api/name/videoCall</Anchor>
            <NodeRef refid="9"/>
		</Token>
		
		<Token>
			<TokenIdentifier>//apple_ref/occ/instm/Bit6InCallController/setDisplayName:</TokenIdentifier>
			<Abstract type="html">Display name from the destination user</Abstract>
			<DeclaredIn>Bit6InCallController.h</DeclaredIn>
			
			<Declaration>@property (nonatomic, readonly) NSString *displayName</Declaration>
			
			
			<Anchor>//api/name/displayName</Anchor>
            <NodeRef refid="9"/>
		</Token>
		
		<Token>
			<TokenIdentifier>//apple_ref/occ/instm/Bit6InCallController/displayName</TokenIdentifier>
			<Abstract type="html">Display name from the destination user</Abstract>
			<DeclaredIn>Bit6InCallController.h</DeclaredIn>
			
			<Declaration>@property (nonatomic, readonly) NSString *displayName</Declaration>
			
			
			<Anchor>//api/name/displayName</Anchor>
            <NodeRef refid="9"/>
		</Token>
		
		<Token>
			<TokenIdentifier>//apple_ref/occ/instp/Bit6InCallController/displayName</TokenIdentifier>
			<Abstract type="html">Display name from the destination user</Abstract>
			<DeclaredIn>Bit6InCallController.h</DeclaredIn>
			
			<Declaration>@property (nonatomic, readonly) NSString *displayName</Declaration>
			
			
			<Anchor>//api/name/displayName</Anchor>
            <NodeRef refid="9"/>
		</Token>
		
		<Token>
			<TokenIdentifier>//apple_ref/occ/instm/Bit6InCallController/setCurrentCallViewController:</TokenIdentifier>
			<Abstract type="html">reference to the current inCall view controller.</Abstract>
			<DeclaredIn>Bit6InCallController.h</DeclaredIn>
			
			<Declaration>@property (nonatomic, strong, readonly) UIViewController *currentCallViewController</Declaration>
			
			
			<Anchor>//api/name/currentCallViewController</Anchor>
            <NodeRef refid="9"/>
		</Token>
		
		<Token>
			<TokenIdentifier>//apple_ref/occ/instm/Bit6InCallController/currentCallViewController</TokenIdentifier>
			<Abstract type="html">reference to the current inCall view controller.</Abstract>
			<DeclaredIn>Bit6InCallController.h</DeclaredIn>
			
			<Declaration>@property (nonatomic, strong, readonly) UIViewController *currentCallViewController</Declaration>
			
			
			<Anchor>//api/name/currentCallViewController</Anchor>
            <NodeRef refid="9"/>
		</Token>
		
		<Token>
			<TokenIdentifier>//apple_ref/occ/instp/Bit6InCallController/currentCallViewController</TokenIdentifier>
			<Abstract type="html">reference to the current inCall view controller.</Abstract>
			<DeclaredIn>Bit6InCallController.h</DeclaredIn>
			
			<Declaration>@property (nonatomic, strong, readonly) UIViewController *currentCallViewController</Declaration>
			
			
			<Anchor>//api/name/currentCallViewController</Anchor>
            <NodeRef refid="9"/>
		</Token>
		
		<Token>
			<TokenIdentifier>//apple_ref/occ/instm/Bit6InCallController/switchCamera</TokenIdentifier>
			<Abstract type="html">Switch between the frontal and rear camera, is available.</Abstract>
			<DeclaredIn>Bit6InCallController.h</DeclaredIn>
			
			<Declaration>- (void)switchCamera</Declaration>
			
			
			<Anchor>//api/name/switchCamera</Anchor>
            <NodeRef refid="9"/>
		</Token>
		
		<Token>
			<TokenIdentifier>//apple_ref/occ/instm/Bit6InCallController/hangup</TokenIdentifier>
			<Abstract type="html">End the current call.</Abstract>
			<DeclaredIn>Bit6InCallController.h</DeclaredIn>
			
			<Declaration>- (void)hangup</Declaration>
			
			
			<Anchor>//api/name/hangup</Anchor>
            <NodeRef refid="9"/>
		</Token>
		
		<Token>
			<TokenIdentifier>//apple_ref/occ/instm/Bit6InCallController/muteAudio</TokenIdentifier>
			<Abstract type="html">Mute the audio in the current call.</Abstract>
			<DeclaredIn>Bit6InCallController.h</DeclaredIn>
			
			<Declaration>- (void)muteAudio</Declaration>
			
			
			<Anchor>//api/name/muteAudio</Anchor>
            <NodeRef refid="9"/>
		</Token>
		
		<Token>
			<TokenIdentifier>//apple_ref/occ/instm/Bit6InCallController/muteVideo</TokenIdentifier>
			<Abstract type="html">Mute the video in the current call.</Abstract>
			<DeclaredIn>Bit6InCallController.h</DeclaredIn>
			
			<Declaration>- (void)muteVideo</Declaration>
			
			
			<Anchor>//api/name/muteVideo</Anchor>
            <NodeRef refid="9"/>
		</Token>
		
		<Token>
			<TokenIdentifier>//apple_ref/occ/instm/Bit6InCallController/switchSpeaker</TokenIdentifier>
			<Abstract type="html">Convenient method to change the audio route from the default one to the speaker, and vice versa.</Abstract>
			<DeclaredIn>Bit6InCallController.h</DeclaredIn>
			
			<Declaration>- (void)switchSpeaker</Declaration>
			
			
			<Anchor>//api/name/switchSpeaker</Anchor>
            <NodeRef refid="9"/>
		</Token>
		
		<Token>
			<TokenIdentifier>//apple_ref/occ/clm/Bit6InCallController/enableSpeaker</TokenIdentifier>
			<Abstract type="html">Redirects the audio through the speaker if possible.</Abstract>
			<DeclaredIn>Bit6InCallController.h</DeclaredIn>
			
			<Declaration>+ (void)enableSpeaker</Declaration>
			
			
			<Anchor>//api/name/enableSpeaker</Anchor>
            <NodeRef refid="9"/>
		</Token>
		
		<Token>
			<TokenIdentifier>//apple_ref/occ/clm/Bit6InCallController/disableSpeaker</TokenIdentifier>
			<Abstract type="html">Redirects the audio through the default route if possible.</Abstract>
			<DeclaredIn>Bit6InCallController.h</DeclaredIn>
			
			<Declaration>+ (void)disableSpeaker</Declaration>
			
			
			<Anchor>//api/name/disableSpeaker</Anchor>
            <NodeRef refid="9"/>
		</Token>
		
        
	</File>
</Tokens>