<?xml version="1.0" encoding="UTF-8"?>
<Tokens version="1.0">
	<File path="Constants/Bit6MessageAttachmentStatus.html">
		
		<Token>
			<TokenIdentifier>//apple_ref/c/tdef/Bit6MessageAttachmentStatus</TokenIdentifier>
			<Abstract type="html">Message attachment status for a Bit6Message.</Abstract>
			<DeclaredIn>Bit6Message.h</DeclaredIn>
            
			
			<NodeRef refid="22"/>
		</Token>
		
		
        
        <Token>
            <TokenIdentifier>//apple_ref/c/econst/Bit6MessageAttachmentStatus_INVALID</TokenIdentifier>
            <Abstract type="html">The message doesn&apos;t have the specified attachment</Abstract>
            <Declaration>Bit6MessageAttachmentStatus_INVALID</Declaration>
            
            <DeclaredIn>Bit6Message.h</DeclaredIn>
            
            <NodeRef refid="22"/>
        </Token>
        
        <Token>
            <TokenIdentifier>//apple_ref/c/econst/Bit6MessageAttachmentStatus_FAILED</TokenIdentifier>
            <Abstract type="html">The attachment doesn&apos;t exists</Abstract>
            <Declaration>Bit6MessageAttachmentStatus_FAILED</Declaration>
            
            <DeclaredIn>Bit6Message.h</DeclaredIn>
            
            <NodeRef refid="22"/>
        </Token>
        
        <Token>
            <TokenIdentifier>//apple_ref/c/econst/Bit6MessageAttachmentStatus_NOT_FOUND</TokenIdentifier>
            <Abstract type="html">The attachment is not in cache</Abstract>
            <Declaration>Bit6MessageAttachmentStatus_NOT_FOUND</Declaration>
            
            <DeclaredIn>Bit6Message.h</DeclaredIn>
            
            <NodeRef refid="22"/>
        </Token>
        
        <Token>
            <TokenIdentifier>//apple_ref/c/econst/Bit6MessageAttachmentStatus_DOWNLOADING</TokenIdentifier>
            <Abstract type="html">The attachment is being downloaded</Abstract>
            <Declaration>Bit6MessageAttachmentStatus_DOWNLOADING</Declaration>
            
            <DeclaredIn>Bit6Message.h</DeclaredIn>
            
            <NodeRef refid="22"/>
        </Token>
        
        <Token>
            <TokenIdentifier>//apple_ref/c/econst/Bit6MessageAttachmentStatus_FOUND</TokenIdentifier>
            <Abstract type="html">The attachment is in cache</Abstract>
            <Declaration>Bit6MessageAttachmentStatus_FOUND</Declaration>
            
            <DeclaredIn>Bit6Message.h</DeclaredIn>
            
            <NodeRef refid="22"/>
        </Token>
        
	</File>
</Tokens>