<?xml version="1.0" encoding="UTF-8"?>
<Tokens version="1.0">
	<File path="Protocols/Bit6InCallControllerDelegate.html">
		
		<Token>
			<TokenIdentifier>//apple_ref/occ/intf/Bit6InCallControllerDelegate</TokenIdentifier>
			<Abstract type="html">The Bit6InCallControllerDelegate protocol defines the methods a delegate of a Bit6InCallController object should implement. The methods of this protocol allow the customization of the controls overlay for the inCall interface.</Abstract>
			<DeclaredIn>Bit6InCallController.h</DeclaredIn>
            
			
			<NodeRef refid="17"/>
		</Token>
		
		
		<Token>
			<TokenIdentifier>//apple_ref/occ/intfm/Bit6InCallControllerDelegate/controlsOverlayViewForInCallController:</TokenIdentifier>
			<Abstract type="html">Define a custom controls UIView to be used on top of the inCall interface.</Abstract>
			<DeclaredIn>Bit6InCallController.h</DeclaredIn>
			
			<Declaration>- (UIView *)controlsOverlayViewForInCallController:(Bit6InCallController *)icc</Declaration>
			<Parameters>
				<Parameter>
					<Name>icc</Name>
					<Abstract type="html">the default Bit6InCallController that handles the calls</Abstract>
				</Parameter>
			</Parameters>
			<ReturnValue><Abstract type="html">a custom controls UIView</Abstract></ReturnValue>
			<Anchor>//api/name/controlsOverlayViewForInCallController:</Anchor>
            <NodeRef refid="17"/>
		</Token>
		
		<Token>
			<TokenIdentifier>//apple_ref/occ/intfm/Bit6InCallControllerDelegate/refreshControlsOverlayView:inCallController:</TokenIdentifier>
			<Abstract type="html">This method will be called when changes to the custom controls UIView has to occur. This includes call status and mute/video status.</Abstract>
			<DeclaredIn>Bit6InCallController.h</DeclaredIn>
			
			<Declaration>- (void)refreshControlsOverlayView:(UIView *)view inCallController:(Bit6InCallController *)icc</Declaration>
			<Parameters>
				<Parameter>
					<Name>view</Name>
					<Abstract type="html">the same custom controls UIView defined in -[Bit6InCallControllerDelegate controlsOverlayViewForInCallController:]</Abstract>
				</Parameter><Parameter>
					<Name>icc</Name>
					<Abstract type="html">the default Bit6InCallController that handles the calls</Abstract>
				</Parameter>
			</Parameters>
			
			<Anchor>//api/name/refreshControlsOverlayView:inCallController:</Anchor>
            <NodeRef refid="17"/>
		</Token>
		
		<Token>
			<TokenIdentifier>//apple_ref/occ/intfm/Bit6InCallControllerDelegate/refreshTimerInOverlayView:inCallController:</TokenIdentifier>
			<Abstract type="html">This method will be called each second to allow the update of any content timer related view inside the controlsOverlay</Abstract>
			<DeclaredIn>Bit6InCallController.h</DeclaredIn>
			
			<Declaration>- (void)refreshTimerInOverlayView:(UIView *)view inCallController:(Bit6InCallController *)icc</Declaration>
			<Parameters>
				<Parameter>
					<Name>view</Name>
					<Abstract type="html">the same custom controls UIView defined in -[Bit6InCallControllerDelegate controlsOverlayViewForInCallController:]</Abstract>
				</Parameter><Parameter>
					<Name>icc</Name>
					<Abstract type="html">the default Bit6InCallController that handles the calls</Abstract>
				</Parameter>
			</Parameters>
			
			<Anchor>//api/name/refreshTimerInOverlayView:inCallController:</Anchor>
            <NodeRef refid="17"/>
		</Token>
		
        
	</File>
</Tokens>