<?xml version="1.0" encoding="UTF-8"?>
<Tokens version="1.0">
	<File path="Classes/Bit6Conversation.html">
		
		<Token>
			<TokenIdentifier>//apple_ref/occ/cl/Bit6Conversation</TokenIdentifier>
			<Abstract type="html">Bit6Conversation represents a conversation (or a chat) - a set of messages between two participants.</Abstract>
			<DeclaredIn>Bit6Conversation.h</DeclaredIn>
            
			
			<NodeRef refid="6"/>
		</Token>
		
		
		<Token>
			<TokenIdentifier>//apple_ref/occ/clm/Bit6Conversation/conversationWithAddress:</TokenIdentifier>
			<Abstract type="html">Returns a Bit6Conversation object based on the Bit6Address indicated. If the conversation didn&apos;t exists a new one will be created.</Abstract>
			<DeclaredIn>Bit6Conversation.h</DeclaredIn>
			
			<Declaration>+ (Bit6Conversation *)conversationWithAddress:(Bit6Address *)address</Declaration>
			<Parameters>
				<Parameter>
					<Name>address</Name>
					<Abstract type="html">Bit6Address object for the conversation.</Abstract>
				</Parameter>
			</Parameters>
			<ReturnValue><Abstract type="html">a Bit6Conversation object for the Bit6Address indicated.</Abstract></ReturnValue>
			<Anchor>//api/name/conversationWithAddress:</Anchor>
            <NodeRef refid="6"/>
		</Token>
		
		<Token>
			<TokenIdentifier>//apple_ref/occ/instm/Bit6Conversation/setMessages:</TokenIdentifier>
			<Abstract type="html">The Bit6Message objects in the conversation as a NSArray.</Abstract>
			<DeclaredIn>Bit6Conversation.h</DeclaredIn>
			
			<Declaration>@property (nonatomic, readonly) NSArray *messages</Declaration>
			
			
			<Anchor>//api/name/messages</Anchor>
            <NodeRef refid="6"/>
		</Token>
		
		<Token>
			<TokenIdentifier>//apple_ref/occ/instm/Bit6Conversation/messages</TokenIdentifier>
			<Abstract type="html">The Bit6Message objects in the conversation as a NSArray.</Abstract>
			<DeclaredIn>Bit6Conversation.h</DeclaredIn>
			
			<Declaration>@property (nonatomic, readonly) NSArray *messages</Declaration>
			
			
			<Anchor>//api/name/messages</Anchor>
            <NodeRef refid="6"/>
		</Token>
		
		<Token>
			<TokenIdentifier>//apple_ref/occ/instp/Bit6Conversation/messages</TokenIdentifier>
			<Abstract type="html">The Bit6Message objects in the conversation as a NSArray.</Abstract>
			<DeclaredIn>Bit6Conversation.h</DeclaredIn>
			
			<Declaration>@property (nonatomic, readonly) NSArray *messages</Declaration>
			
			
			<Anchor>//api/name/messages</Anchor>
            <NodeRef refid="6"/>
		</Token>
		
		<Token>
			<TokenIdentifier>//apple_ref/occ/instm/Bit6Conversation/setAddress:</TokenIdentifier>
			<Abstract type="html">The Bit6Address object associated with this conversation.</Abstract>
			<DeclaredIn>Bit6Conversation.h</DeclaredIn>
			
			<Declaration>@property (nonatomic, readonly) Bit6Address *address</Declaration>
			
			
			<Anchor>//api/name/address</Anchor>
            <NodeRef refid="6"/>
		</Token>
		
		<Token>
			<TokenIdentifier>//apple_ref/occ/instm/Bit6Conversation/address</TokenIdentifier>
			<Abstract type="html">The Bit6Address object associated with this conversation.</Abstract>
			<DeclaredIn>Bit6Conversation.h</DeclaredIn>
			
			<Declaration>@property (nonatomic, readonly) Bit6Address *address</Declaration>
			
			
			<Anchor>//api/name/address</Anchor>
            <NodeRef refid="6"/>
		</Token>
		
		<Token>
			<TokenIdentifier>//apple_ref/occ/instp/Bit6Conversation/address</TokenIdentifier>
			<Abstract type="html">The Bit6Address object associated with this conversation.</Abstract>
			<DeclaredIn>Bit6Conversation.h</DeclaredIn>
			
			<Declaration>@property (nonatomic, readonly) Bit6Address *address</Declaration>
			
			
			<Anchor>//api/name/address</Anchor>
            <NodeRef refid="6"/>
		</Token>
		
		<Token>
			<TokenIdentifier>//apple_ref/occ/instm/Bit6Conversation/setDisplayName:</TokenIdentifier>
			<Abstract type="html">A display name for the destination in this &lt;Bit6Conversation&gt; object.</Abstract>
			<DeclaredIn>Bit6Conversation.h</DeclaredIn>
			
			<Declaration>@property (nonatomic, readonly) NSString *displayName</Declaration>
			
			
			<Anchor>//api/name/displayName</Anchor>
            <NodeRef refid="6"/>
		</Token>
		
		<Token>
			<TokenIdentifier>//apple_ref/occ/instm/Bit6Conversation/displayName</TokenIdentifier>
			<Abstract type="html">A display name for the destination in this &lt;Bit6Conversation&gt; object.</Abstract>
			<DeclaredIn>Bit6Conversation.h</DeclaredIn>
			
			<Declaration>@property (nonatomic, readonly) NSString *displayName</Declaration>
			
			
			<Anchor>//api/name/displayName</Anchor>
            <NodeRef refid="6"/>
		</Token>
		
		<Token>
			<TokenIdentifier>//apple_ref/occ/instp/Bit6Conversation/displayName</TokenIdentifier>
			<Abstract type="html">A display name for the destination in this &lt;Bit6Conversation&gt; object.</Abstract>
			<DeclaredIn>Bit6Conversation.h</DeclaredIn>
			
			<Declaration>@property (nonatomic, readonly) NSString *displayName</Declaration>
			
			
			<Anchor>//api/name/displayName</Anchor>
            <NodeRef refid="6"/>
		</Token>
		
		<Token>
			<TokenIdentifier>//apple_ref/occ/instm/Bit6Conversation/setBadge:</TokenIdentifier>
			<Abstract type="html">Gets the number of unread messages for this conversation.</Abstract>
			<DeclaredIn>Bit6Conversation.h</DeclaredIn>
			
	<RelatedTokens>
		<TokenIdentifier>//apple_ref/occ/instp/Bit6Conversation/ignoreBadge</TokenIdentifier>
		
	</RelatedTokens>
	
			<Declaration>@property (nonatomic, readonly) NSNumber *badge</Declaration>
			
			
			<Anchor>//api/name/badge</Anchor>
            <NodeRef refid="6"/>
		</Token>
		
		<Token>
			<TokenIdentifier>//apple_ref/occ/instm/Bit6Conversation/badge</TokenIdentifier>
			<Abstract type="html">Gets the number of unread messages for this conversation.</Abstract>
			<DeclaredIn>Bit6Conversation.h</DeclaredIn>
			
	<RelatedTokens>
		<TokenIdentifier>//apple_ref/occ/instp/Bit6Conversation/ignoreBadge</TokenIdentifier>
		
	</RelatedTokens>
	
			<Declaration>@property (nonatomic, readonly) NSNumber *badge</Declaration>
			
			
			<Anchor>//api/name/badge</Anchor>
            <NodeRef refid="6"/>
		</Token>
		
		<Token>
			<TokenIdentifier>//apple_ref/occ/instp/Bit6Conversation/badge</TokenIdentifier>
			<Abstract type="html">Gets the number of unread messages for this conversation.</Abstract>
			<DeclaredIn>Bit6Conversation.h</DeclaredIn>
			
	<RelatedTokens>
		<TokenIdentifier>//apple_ref/occ/instp/Bit6Conversation/ignoreBadge</TokenIdentifier>
		
	</RelatedTokens>
	
			<Declaration>@property (nonatomic, readonly) NSNumber *badge</Declaration>
			
			
			<Anchor>//api/name/badge</Anchor>
            <NodeRef refid="6"/>
		</Token>
		
		<Token>
			<TokenIdentifier>//apple_ref/occ/instm/Bit6Conversation/setIgnoreBadge:</TokenIdentifier>
			<Abstract type="html">If set to YES then [Bit6Conversation badge] value will be set to 0 and the conversation won&apos;t consider new messages in this conversation to increment the value of [Bit6Conversation badge].</Abstract>
			<DeclaredIn>Bit6Conversation.h</DeclaredIn>
			
			<Declaration>@property (nonatomic) BOOL ignoreBadge</Declaration>
			
			
			<Anchor>//api/name/ignoreBadge</Anchor>
            <NodeRef refid="6"/>
		</Token>
		
		<Token>
			<TokenIdentifier>//apple_ref/occ/instm/Bit6Conversation/ignoreBadge</TokenIdentifier>
			<Abstract type="html">If set to YES then [Bit6Conversation badge] value will be set to 0 and the conversation won&apos;t consider new messages in this conversation to increment the value of [Bit6Conversation badge].</Abstract>
			<DeclaredIn>Bit6Conversation.h</DeclaredIn>
			
			<Declaration>@property (nonatomic) BOOL ignoreBadge</Declaration>
			
			
			<Anchor>//api/name/ignoreBadge</Anchor>
            <NodeRef refid="6"/>
		</Token>
		
		<Token>
			<TokenIdentifier>//apple_ref/occ/instp/Bit6Conversation/ignoreBadge</TokenIdentifier>
			<Abstract type="html">If set to YES then [Bit6Conversation badge] value will be set to 0 and the conversation won&apos;t consider new messages in this conversation to increment the value of [Bit6Conversation badge].</Abstract>
			<DeclaredIn>Bit6Conversation.h</DeclaredIn>
			
			<Declaration>@property (nonatomic) BOOL ignoreBadge</Declaration>
			
			
			<Anchor>//api/name/ignoreBadge</Anchor>
            <NodeRef refid="6"/>
		</Token>
		
        
	</File>
</Tokens>