<?xml version="1.0" encoding="UTF-8"?>
<Tokens version="1.0">
	<File path="Constants/Bit6MessageType.html">
		
		<Token>
			<TokenIdentifier>//apple_ref/c/tdef/Bit6MessageType</TokenIdentifier>
			<Abstract type="html">Message type for a Bit6Message.</Abstract>
			<DeclaredIn>Bit6Message.h</DeclaredIn>
            
			
			<NodeRef refid="26"/>
		</Token>
		
		
        
        <Token>
            <TokenIdentifier>//apple_ref/c/econst/Bit6MessageType_Text</TokenIdentifier>
            <Abstract type="html">The message has only text.</Abstract>
            <Declaration>Bit6MessageType_Text</Declaration>
            
            <DeclaredIn>Bit6Message.h</DeclaredIn>
            
            <NodeRef refid="26"/>
        </Token>
        
        <Token>
            <TokenIdentifier>//apple_ref/c/econst/Bit6MessageType_Attachments</TokenIdentifier>
            <Abstract type="html">The message has an attachment.</Abstract>
            <Declaration>Bit6MessageType_Attachments</Declaration>
            
            <DeclaredIn>Bit6Message.h</DeclaredIn>
            
            <NodeRef refid="26"/>
        </Token>
        
        <Token>
            <TokenIdentifier>//apple_ref/c/econst/Bit6MessageType_Location</TokenIdentifier>
            <Abstract type="html">The message has a location.</Abstract>
            <Declaration>Bit6MessageType_Location</Declaration>
            
            <DeclaredIn>Bit6Message.h</DeclaredIn>
            
            <NodeRef refid="26"/>
        </Token>
        
	</File>
</Tokens>