<?xml version="1.0" encoding="UTF-8"?>
<Tokens version="1.0">
	<File path="Classes/Bit6OutgoingMessage.html">
		
		<Token>
			<TokenIdentifier>//apple_ref/occ/cl/Bit6OutgoingMessage</TokenIdentifier>
			<Abstract type="html">A Bit6OutgoingMessage object represents a message that will be sent by the user.</Abstract>
			<DeclaredIn>Bit6OutgoingMessage.h</DeclaredIn>
            
			
			<NodeRef refid="12"/>
		</Token>
		
		
		<Token>
			<TokenIdentifier>//apple_ref/occ/instm/Bit6OutgoingMessage/setContent:</TokenIdentifier>
			<Abstract type="html">Text content of the message.</Abstract>
			<DeclaredIn>Bit6OutgoingMessage.h</DeclaredIn>
			
			<Declaration>@property (nonatomic, copy) NSString *content</Declaration>
			
			
			<Anchor>//api/name/content</Anchor>
            <NodeRef refid="12"/>
		</Token>
		
		<Token>
			<TokenIdentifier>//apple_ref/occ/instm/Bit6OutgoingMessage/content</TokenIdentifier>
			<Abstract type="html">Text content of the message.</Abstract>
			<DeclaredIn>Bit6OutgoingMessage.h</DeclaredIn>
			
			<Declaration>@property (nonatomic, copy) NSString *content</Declaration>
			
			
			<Anchor>//api/name/content</Anchor>
            <NodeRef refid="12"/>
		</Token>
		
		<Token>
			<TokenIdentifier>//apple_ref/occ/instp/Bit6OutgoingMessage/content</TokenIdentifier>
			<Abstract type="html">Text content of the message.</Abstract>
			<DeclaredIn>Bit6OutgoingMessage.h</DeclaredIn>
			
			<Declaration>@property (nonatomic, copy) NSString *content</Declaration>
			
			
			<Anchor>//api/name/content</Anchor>
            <NodeRef refid="12"/>
		</Token>
		
		<Token>
			<TokenIdentifier>//apple_ref/occ/instm/Bit6OutgoingMessage/setDestination:</TokenIdentifier>
			<Abstract type="html">The Bit6Address object to reference the message&apos;s destination.</Abstract>
			<DeclaredIn>Bit6OutgoingMessage.h</DeclaredIn>
			
			<Declaration>@property (nonatomic, strong) Bit6Address *destination</Declaration>
			
			
			<Anchor>//api/name/destination</Anchor>
            <NodeRef refid="12"/>
		</Token>
		
		<Token>
			<TokenIdentifier>//apple_ref/occ/instm/Bit6OutgoingMessage/destination</TokenIdentifier>
			<Abstract type="html">The Bit6Address object to reference the message&apos;s destination.</Abstract>
			<DeclaredIn>Bit6OutgoingMessage.h</DeclaredIn>
			
			<Declaration>@property (nonatomic, strong) Bit6Address *destination</Declaration>
			
			
			<Anchor>//api/name/destination</Anchor>
            <NodeRef refid="12"/>
		</Token>
		
		<Token>
			<TokenIdentifier>//apple_ref/occ/instp/Bit6OutgoingMessage/destination</TokenIdentifier>
			<Abstract type="html">The Bit6Address object to reference the message&apos;s destination.</Abstract>
			<DeclaredIn>Bit6OutgoingMessage.h</DeclaredIn>
			
			<Declaration>@property (nonatomic, strong) Bit6Address *destination</Declaration>
			
			
			<Anchor>//api/name/destination</Anchor>
            <NodeRef refid="12"/>
		</Token>
		
		<Token>
			<TokenIdentifier>//apple_ref/occ/instm/Bit6OutgoingMessage/setChannel:</TokenIdentifier>
			<Abstract type="html">Channel of the message. One of the values in Bit6MessageChannel enumeration.</Abstract>
			<DeclaredIn>Bit6OutgoingMessage.h</DeclaredIn>
			
			<Declaration>@property (nonatomic) Bit6MessageChannel channel</Declaration>
			
			
			<Anchor>//api/name/channel</Anchor>
            <NodeRef refid="12"/>
		</Token>
		
		<Token>
			<TokenIdentifier>//apple_ref/occ/instm/Bit6OutgoingMessage/channel</TokenIdentifier>
			<Abstract type="html">Channel of the message. One of the values in Bit6MessageChannel enumeration.</Abstract>
			<DeclaredIn>Bit6OutgoingMessage.h</DeclaredIn>
			
			<Declaration>@property (nonatomic) Bit6MessageChannel channel</Declaration>
			
			
			<Anchor>//api/name/channel</Anchor>
            <NodeRef refid="12"/>
		</Token>
		
		<Token>
			<TokenIdentifier>//apple_ref/occ/instp/Bit6OutgoingMessage/channel</TokenIdentifier>
			<Abstract type="html">Channel of the message. One of the values in Bit6MessageChannel enumeration.</Abstract>
			<DeclaredIn>Bit6OutgoingMessage.h</DeclaredIn>
			
			<Declaration>@property (nonatomic) Bit6MessageChannel channel</Declaration>
			
			
			<Anchor>//api/name/channel</Anchor>
            <NodeRef refid="12"/>
		</Token>
		
		<Token>
			<TokenIdentifier>//apple_ref/occ/instm/Bit6OutgoingMessage/setImage:</TokenIdentifier>
			<Abstract type="html">Image to send as an attachment.</Abstract>
			<DeclaredIn>Bit6OutgoingMessage.h</DeclaredIn>
			
			<Declaration>@property (nonatomic, strong) UIImage *image</Declaration>
			
			
			<Anchor>//api/name/image</Anchor>
            <NodeRef refid="12"/>
		</Token>
		
		<Token>
			<TokenIdentifier>//apple_ref/occ/instm/Bit6OutgoingMessage/image</TokenIdentifier>
			<Abstract type="html">Image to send as an attachment.</Abstract>
			<DeclaredIn>Bit6OutgoingMessage.h</DeclaredIn>
			
			<Declaration>@property (nonatomic, strong) UIImage *image</Declaration>
			
			
			<Anchor>//api/name/image</Anchor>
            <NodeRef refid="12"/>
		</Token>
		
		<Token>
			<TokenIdentifier>//apple_ref/occ/instp/Bit6OutgoingMessage/image</TokenIdentifier>
			<Abstract type="html">Image to send as an attachment.</Abstract>
			<DeclaredIn>Bit6OutgoingMessage.h</DeclaredIn>
			
			<Declaration>@property (nonatomic, strong) UIImage *image</Declaration>
			
			
			<Anchor>//api/name/image</Anchor>
            <NodeRef refid="12"/>
		</Token>
		
		<Token>
			<TokenIdentifier>//apple_ref/occ/instm/Bit6OutgoingMessage/setVideoURL:</TokenIdentifier>
			<Abstract type="html">URL path to the video to be sent as an attachment.</Abstract>
			<DeclaredIn>Bit6OutgoingMessage.h</DeclaredIn>
			
			<Declaration>@property (nonatomic, strong) NSURL *videoURL</Declaration>
			
			
			<Anchor>//api/name/videoURL</Anchor>
            <NodeRef refid="12"/>
		</Token>
		
		<Token>
			<TokenIdentifier>//apple_ref/occ/instm/Bit6OutgoingMessage/videoURL</TokenIdentifier>
			<Abstract type="html">URL path to the video to be sent as an attachment.</Abstract>
			<DeclaredIn>Bit6OutgoingMessage.h</DeclaredIn>
			
			<Declaration>@property (nonatomic, strong) NSURL *videoURL</Declaration>
			
			
			<Anchor>//api/name/videoURL</Anchor>
            <NodeRef refid="12"/>
		</Token>
		
		<Token>
			<TokenIdentifier>//apple_ref/occ/instp/Bit6OutgoingMessage/videoURL</TokenIdentifier>
			<Abstract type="html">URL path to the video to be sent as an attachment.</Abstract>
			<DeclaredIn>Bit6OutgoingMessage.h</DeclaredIn>
			
			<Declaration>@property (nonatomic, strong) NSURL *videoURL</Declaration>
			
			
			<Anchor>//api/name/videoURL</Anchor>
            <NodeRef refid="12"/>
		</Token>
		
		<Token>
			<TokenIdentifier>//apple_ref/occ/instm/Bit6OutgoingMessage/setVideoCropStart:</TokenIdentifier>
			<Abstract type="html">Specifies the beginning of the time range, in seconds, to be sent from the video.</Abstract>
			<DeclaredIn>Bit6OutgoingMessage.h</DeclaredIn>
			
			<Declaration>@property (nonatomic, strong) NSNumber *videoCropStart</Declaration>
			
			
			<Anchor>//api/name/videoCropStart</Anchor>
            <NodeRef refid="12"/>
		</Token>
		
		<Token>
			<TokenIdentifier>//apple_ref/occ/instm/Bit6OutgoingMessage/videoCropStart</TokenIdentifier>
			<Abstract type="html">Specifies the beginning of the time range, in seconds, to be sent from the video.</Abstract>
			<DeclaredIn>Bit6OutgoingMessage.h</DeclaredIn>
			
			<Declaration>@property (nonatomic, strong) NSNumber *videoCropStart</Declaration>
			
			
			<Anchor>//api/name/videoCropStart</Anchor>
            <NodeRef refid="12"/>
		</Token>
		
		<Token>
			<TokenIdentifier>//apple_ref/occ/instp/Bit6OutgoingMessage/videoCropStart</TokenIdentifier>
			<Abstract type="html">Specifies the beginning of the time range, in seconds, to be sent from the video.</Abstract>
			<DeclaredIn>Bit6OutgoingMessage.h</DeclaredIn>
			
			<Declaration>@property (nonatomic, strong) NSNumber *videoCropStart</Declaration>
			
			
			<Anchor>//api/name/videoCropStart</Anchor>
            <NodeRef refid="12"/>
		</Token>
		
		<Token>
			<TokenIdentifier>//apple_ref/occ/instm/Bit6OutgoingMessage/setVideoCropEnd:</TokenIdentifier>
			<Abstract type="html">Specifies the end of the time range, in seconds, to be sent from the video.</Abstract>
			<DeclaredIn>Bit6OutgoingMessage.h</DeclaredIn>
			
			<Declaration>@property (nonatomic, strong) NSNumber *videoCropEnd</Declaration>
			
			
			<Anchor>//api/name/videoCropEnd</Anchor>
            <NodeRef refid="12"/>
		</Token>
		
		<Token>
			<TokenIdentifier>//apple_ref/occ/instm/Bit6OutgoingMessage/videoCropEnd</TokenIdentifier>
			<Abstract type="html">Specifies the end of the time range, in seconds, to be sent from the video.</Abstract>
			<DeclaredIn>Bit6OutgoingMessage.h</DeclaredIn>
			
			<Declaration>@property (nonatomic, strong) NSNumber *videoCropEnd</Declaration>
			
			
			<Anchor>//api/name/videoCropEnd</Anchor>
            <NodeRef refid="12"/>
		</Token>
		
		<Token>
			<TokenIdentifier>//apple_ref/occ/instp/Bit6OutgoingMessage/videoCropEnd</TokenIdentifier>
			<Abstract type="html">Specifies the end of the time range, in seconds, to be sent from the video.</Abstract>
			<DeclaredIn>Bit6OutgoingMessage.h</DeclaredIn>
			
			<Declaration>@property (nonatomic, strong) NSNumber *videoCropEnd</Declaration>
			
			
			<Anchor>//api/name/videoCropEnd</Anchor>
            <NodeRef refid="12"/>
		</Token>
		
		<Token>
			<TokenIdentifier>//apple_ref/occ/instm/Bit6OutgoingMessage/sendWithCompletionHandler:</TokenIdentifier>
			<Abstract type="html">Sends the message.</Abstract>
			<DeclaredIn>Bit6OutgoingMessage.h</DeclaredIn>
			
			<Declaration>- (void)sendWithCompletionHandler:(Bit6CompletionHandler)completion</Declaration>
			<Parameters>
				<Parameter>
					<Name>completion</Name>
					<Abstract type="html">block to be called when the operation is completed.</Abstract>
				</Parameter>
			</Parameters>
			
			<Anchor>//api/name/sendWithCompletionHandler:</Anchor>
            <NodeRef refid="12"/>
		</Token>
		
        
	</File>
</Tokens>