<?xml version="1.0" encoding="UTF-8"?>
<Tokens version="1.0">
	<File path="Classes/Bit6ApplicationManager.html">
		
		<Token>
			<TokenIdentifier>//apple_ref/occ/cl/Bit6ApplicationManager</TokenIdentifier>
			<Abstract type="html">Convenient class to be extended in the ApplicationDelegate</Abstract>
			<DeclaredIn>Bit6ApplicationManager.h</DeclaredIn>
            
			
			<NodeRef refid="3"/>
		</Token>
		
		
		<Token>
			<TokenIdentifier>//apple_ref/occ/instm/Bit6ApplicationManager/application:didReceiveRemoteNotification:</TokenIdentifier>
			<Abstract type="html">Bit6 implementation of -[UIApplicationDelegate application:didReceiveRemoteNotification:]</Abstract>
			<DeclaredIn>Bit6ApplicationManager.h</DeclaredIn>
			
			<Declaration>- (void)application:(UIApplication *)application didReceiveRemoteNotification:(NSDictionary *)userInfo</Declaration>
			<Parameters>
				<Parameter>
					<Name>application</Name>
					<Abstract type="html">The singleton app object.</Abstract>
				</Parameter><Parameter>
					<Name>userInfo</Name>
					<Abstract type="html">A dictionary that contains information related to the remote notification, potentially including a badge number for the app icon, an alert sound, an alert message to display to the user, a notification identifier, and custom data. The provider originates it as a JSON-defined dictionary that iOS converts to an NSDictionary object; the dictionary may contain only property-list objects plus NSNull.</Abstract>
				</Parameter>
			</Parameters>
			
			<Anchor>//api/name/application:didReceiveRemoteNotification:</Anchor>
            <NodeRef refid="3"/>
		</Token>
		
		<Token>
			<TokenIdentifier>//apple_ref/occ/instm/Bit6ApplicationManager/application:didRegisterForRemoteNotificationsWithDeviceToken:</TokenIdentifier>
			<Abstract type="html">Bit6 implementation of -[UIApplicationDelegate application:didRegisterForRemoteNotificationsWithDeviceToken:]</Abstract>
			<DeclaredIn>Bit6ApplicationManager.h</DeclaredIn>
			
			<Declaration>- (void)application:(UIApplication *)application didRegisterForRemoteNotificationsWithDeviceToken:(NSData *)deviceToken</Declaration>
			<Parameters>
				<Parameter>
					<Name>application</Name>
					<Abstract type="html">The app object that initiated the remote-notification registration process.</Abstract>
				</Parameter><Parameter>
					<Name>deviceToken</Name>
					<Abstract type="html">A token that identifies the device to APS. The token is an opaque data type because that is the form that the provider needs to submit to the APS servers when it sends a notification to a device. The APS servers require a binary format for performance reasons.
The size of a device token is 32 bytes.
Note that the device token is different from the uniqueIdentifier property of UIDevice because, for security and privacy reasons, it must change when the device is wiped.</Abstract>
				</Parameter>
			</Parameters>
			
			<Anchor>//api/name/application:didRegisterForRemoteNotificationsWithDeviceToken:</Anchor>
            <NodeRef refid="3"/>
		</Token>
		
		<Token>
			<TokenIdentifier>//apple_ref/occ/instm/Bit6ApplicationManager/application:didFailToRegisterForRemoteNotificationsWithError:</TokenIdentifier>
			<Abstract type="html">Bit6 implementation of -[UIApplicationDelegate application:didFailToRegisterForRemoteNotificationsWithError:]</Abstract>
			<DeclaredIn>Bit6ApplicationManager.h</DeclaredIn>
			
			<Declaration>- (void)application:(UIApplication *)application didFailToRegisterForRemoteNotificationsWithError:(NSError *)error</Declaration>
			<Parameters>
				<Parameter>
					<Name>application</Name>
					<Abstract type="html">The app object that initiated the remote-notification registration process.</Abstract>
				</Parameter><Parameter>
					<Name>error</Name>
					<Abstract type="html">An NSError object that encapsulates information why registration did not succeed. The app can choose to display this information to the user.</Abstract>
				</Parameter>
			</Parameters>
			
			<Anchor>//api/name/application:didFailToRegisterForRemoteNotificationsWithError:</Anchor>
            <NodeRef refid="3"/>
		</Token>
		
        
	</File>
</Tokens>