<?xml version="1.0" encoding="UTF-8"?>
<Tokens version="1.0">
	<File path="Protocols/Bit6ThumbnailImageViewDelegate.html">
		
		<Token>
			<TokenIdentifier>//apple_ref/occ/intf/Bit6ThumbnailImageViewDelegate</TokenIdentifier>
			<Abstract type="html">The Bit6ThumbnailImageViewDelegate protocol defines methods that your delegate object must implement to interact with a Bit6ThumbnailImageView object. The methods of this protocol notify your delegate when the imageView has been tapped by the user.</Abstract>
			<DeclaredIn>Bit6ThumbnailImageView.h</DeclaredIn>
            
			
			<NodeRef refid="18"/>
		</Token>
		
		
		<Token>
			<TokenIdentifier>//apple_ref/occ/intfm/Bit6ThumbnailImageViewDelegate/touchedThumbnailImageView:</TokenIdentifier>
			<Abstract type="html">Tell the delegate that the imageView has been tapped by the user.</Abstract>
			<DeclaredIn>Bit6ThumbnailImageView.h</DeclaredIn>
			
			<Declaration>- (void)touchedThumbnailImageView:(Bit6ThumbnailImageView *)thumbnailImageView</Declaration>
			<Parameters>
				<Parameter>
					<Name>thumbnailImageView</Name>
					<Abstract type="html">The Bit6ThumbnailImageView object tapped by the user.</Abstract>
				</Parameter>
			</Parameters>
			
			<Anchor>//api/name/touchedThumbnailImageView:</Anchor>
            <NodeRef refid="18"/>
		</Token>
		
        
	</File>
</Tokens>